<?xml version="1.0" encoding="UTF-8"?><database>
    <element db_object_id="51a7b00b31e322107f44b6584209a59d" label="Booking" max_length="40" name="u_booking" type="collection">
        <element label="Time" max_length="255" name="u_time" type="glide_time"/>
        <element label="Comments" max_length="40" name="u_comments" type="string"/>
        <element choice="1" label="Status" mandatory="true" max_length="40" name="u_status" type="choice">
            <choice>
                <element inactive_on_update="false" label="approved"/>
                <element inactive_on_update="false" label="done"/>
                <element inactive_on_update="false" label="requested"/>
                <element inactive_on_update="false" label="cancelled"/>
            </choice>
        </element>
        <element attributes="edge_encryption_enabled=true" label="Topic" max_length="40" name="u_string_3" type="string"/>
        <element attributes="edge_encryption_enabled=true" label="Date" max_length="40" name="u_glide_date_time_2" type="glide_date_time"/>
        <element attributes="edge_encryption_enabled=true" choice="1" label="Status" max_length="40" name="u_choice_4" type="string">
            <choice>
                <element inactive_on_update="false" label="Confirmed" sequence="0" value="confirmed"/>
                <element inactive_on_update="false" label="Cancelled" sequence="1" value="cancelled"/>
                <element inactive_on_update="false" label="Pending" sequence="2" value="pending"/>
            </choice>
        </element>
        <element label="start" max_length="40" name="u_start" type="glide_date_time"/>
        <element label="Notes" max_length="40" name="u_notes" type="string"/>
        <element attributes="encode_utf8=false" label="Student" max_length="32" name="u_reference_1" reference="u_student" type="reference"/>
        <element label="Date" max_length="255" name="u_date" type="glide_date"/>
        <element label="End" max_length="40" name="u_end" type="glide_date_time"/>
        <element label="Advisor" max_length="32" name="u_advisor" reference="u_advisor" type="reference"/>
        <index name="index">
            <element name="u_advisor"/>
        </index>
        <index name="index2">
            <element name="u_reference_1"/>
        </index>
    </element>
</database>
