<?xml version="1.0" encoding="UTF-8"?><database>
    <element db_object_id="31915c78d8bf22107f4418c193b98b06" label="Budgets" max_length="40" name="u_budgets" type="collection">
        <element label="Total Expenses" max_length="15" name="u_decimal_4" type="decimal"/>
        <element label="Used Amount" max_length="15" name="u_decimal_1" type="decimal"/>
        <element label="YEAR" max_length="40" name="u_integer_1" type="integer"/>
        <element attributes="edge_encryption_enabled=true" label="Name" max_length="40" name="u_string_2" type="string"/>
        <element attributes="edge_encryption_enabled=true" label="Email" max_length="40" name="u_string_8" type="string"/>
        <element label="Monthly Income" max_length="15" name="u_decimal_3" type="decimal"/>
        <element attributes="edge_encryption_enabled=true" label="Month" max_length="40" name="u_string_1" type="string"/>
        <element attributes="edge_encryption_enabled=true" label="Year" max_length="40" name="u_glide_date_2" type="glide_date"/>
        <element attributes="encode_utf8=false" label="Student Id" max_length="32" name="u_reference_2" reference="u_student" type="reference"/>
        <element label="Total Amount" max_length="15" name="u_decimal_6" type="decimal"/>
        <element label="Remaining Balance" max_length="15" name="u_decimal_7" type="decimal"/>
        <element attributes="edge_encryption_enabled=true" label="Month" max_length="40" name="u_glide_date_time_4" type="glide_date_time"/>
        <element attributes="edge_encryption_enabled=true" choice="1" label="Category" max_length="40" name="u_choice_5" type="string">
            <choice>
                <element inactive_on_update="false" label="Internet" sequence="3" value="internet"/>
                <element inactive_on_update="false" label="Food" sequence="1" value="food"/>
                <element inactive_on_update="false" label="Rent" sequence="0" value="rent"/>
                <element inactive_on_update="false" label="Shelter" sequence="2" value="shelter"/>
            </choice>
        </element>
        <index name="index">
            <element name="u_reference_2"/>
        </index>
    </element>
</database>
