<?xml version="1.0" encoding="UTF-8"?><database>
    <element db_object_id="bd13f0cf31a322107f44b6584209a506" label="Expense" max_length="40" name="u_expense" type="collection">
        <element label="Year" max_length="15" name="u_decimal_1" type="decimal"/>
        <element attributes="edge_encryption_enabled=true" choice="1" label="Categories" mandatory="true" max_length="40" name="u_choice_1" type="string">
            <choice>
                <element inactive_on_update="false" label="Food" sequence="0" value="food"/>
                <element inactive_on_update="false" label="Fees" sequence="4" value="fees"/>
                <element inactive_on_update="false" label="Electricity Bill" sequence="1" value="electricity bill"/>
                <element inactive_on_update="false" label="Rent" sequence="2" value="rent"/>
                <element inactive_on_update="false" label="Internet" sequence="3" value="internet"/>
            </choice>
        </element>
        <element label="Monthly Income" mandatory="true" max_length="20" name="u_amount" type="decimal"/>
        <element label="Description" max_length="1000" name="u_description" type="string"/>
        <element attributes="edge_encryption_enabled=true" label="Year" max_length="40" name="u_string_2" type="string"/>
        <element label="Date" max_length="40" name="u_date" type="glide_date_time"/>
        <element label="Amount" max_length="100" name="u_expense_amount" type="decimal"/>
        <element attributes="edge_encryption_enabled=true" label="Date/Time" mandatory="true" max_length="40" name="u_glide_date_time_1" type="glide_date_time"/>
        <element choice="1" label="Category" mandatory="true" max_length="40" name="u_category" type="choice">
            <choice>
                <element inactive_on_update="false" label="Rent" sequence="1" value="rent"/>
                <element inactive_on_update="false" label="Fees" sequence="0"/>
                <element inactive="true" inactive_on_update="true" label="Fees" sequence="3"/>
                <element inactive_on_update="false" label="Electricity Bill" sequence="2" value="electricity bill"/>
                <element inactive_on_update="false" label="Misc"/>
                <element inactive_on_update="false" label="Food" sequence="0"/>
                <element inactive_on_update="false" label="Travel"/>
                <element inactive_on_update="false" label="Internet" sequence="3" value="internet"/>
                <element inactive="true" inactive_on_update="true" label="Fees" sequence="0"/>
            </choice>
        </element>
        <element label="YEAR" max_length="40" name="u_integer_1" type="integer"/>
        <element attributes="edge_encryption_enabled=true" choice="1" label="Month" max_length="40" name="u_string_1" type="string">
            <choice>
                <element inactive_on_update="false" label="February" sequence="1" value="february"/>
                <element inactive_on_update="false" label="June" sequence="5" value="june"/>
                <element inactive_on_update="false" label="October" sequence="9" value="october"/>
                <element inactive_on_update="false" label="July" sequence="6" value="july"/>
                <element inactive_on_update="false" label="Noovember" sequence="10" value="noovember"/>
                <element inactive_on_update="false" label="March" sequence="2" value="march"/>
                <element inactive_on_update="false" label="December" sequence="11" value="december"/>
                <element inactive_on_update="false" label="April" sequence="3" value="april"/>
                <element inactive_on_update="false" label="August" sequence="7" value="august"/>
                <element inactive_on_update="false" label="January" sequence="0" value="january"/>
                <element inactive_on_update="false" label="May" sequence="4" value="may"/>
                <element inactive_on_update="false" label="September" sequence="8" value="september"/>
            </choice>
        </element>
        <element label="Year" max_length="40" name="u_integer_2" type="integer"/>
    </element>
</database>
