<?xml version="1.0" encoding="UTF-8"?><database>
    <element db_object_id="1de2a8bcd8ff22107f4418c193b98bbb" label="Student" max_length="40" name="u_student" type="collection">
        <element attributes="ignore_filter_on_new=true" default="javascript:global.getNextObjNumberPadded();" label="Student Id" max_length="40" name="u_number" type="string"/>
        <element attributes="edge_encryption_enabled=true" label="Email" max_length="40" name="u_string_2" type="string"/>
        <element attributes="edge_encryption_enabled=true" label="Department" max_length="40" name="u_string_3" type="string"/>
        <element label="Year" max_length="40" name="u_integer_4" type="integer"/>
        <element attributes="edge_encryption_enabled=true" label="Name" max_length="40" name="u_string_1" type="string"/>
        <element label="SS" max_length="40" name="u_ss" type="string"/>
    </element>
</database>
