<?xml version="1.0" encoding="UTF-8"?><record_update sys_domain="global" table="sys_app_module">
    <sys_app_module action="DELETE">
        <active>true</active>
        <application display_value="System Import Sets">import_sets</application>
        <assessment/>
        <device_type/>
        <filter/>
        <hint/>
        <homepage/>
        <image/>
        <link_type>LIST</link_type>
        <map_page/>
        <mobile_title>Imp Tmpl U Student</mobile_title>
        <mobile_view_name>Mobile</mobile_view_name>
        <name>u_imp_tmpl_u_student</name>
        <order>1100</order>
        <override_menu_roles>false</override_menu_roles>
        <query/>
        <report/>
        <require_confirmation>true</require_confirmation>
        <roles/>
        <sys_class_name>sys_app_module</sys_class_name>
        <sys_created_by>admin</sys_created_by>
        <sys_created_on>2025-09-02 06:45:44</sys_created_on>
        <sys_domain>global</sys_domain>
        <sys_domain_path>/</sys_domain_path>
        <sys_id>f3335a24d8f322107f4418c193b98bf9</sys_id>
        <sys_mod_count>0</sys_mod_count>
        <sys_name>Imp Tmpl U Student</sys_name>
        <sys_overrides/>
        <sys_package display_value="Student finance management" source="1b66be1674a722107f4433b6ca9e6b46">1b66be1674a722107f4433b6ca9e6b46</sys_package>
        <sys_policy/>
        <sys_scope display_value="Student finance management">1b66be1674a722107f4433b6ca9e6b46</sys_scope>
        <sys_update_name>sys_app_module_f3335a24d8f322107f4418c193b98bf9</sys_update_name>
        <sys_updated_by>admin</sys_updated_by>
        <sys_updated_on>2025-09-02 06:45:44</sys_updated_on>
        <timeline_page/>
        <title>Imp Tmpl U Student</title>
        <uncancelable>false</uncancelable>
        <view_name/>
        <window_name/>
    </sys_app_module>
    <sys_update_version action="INSERT_OR_UPDATE">
        <action>DELETE</action>
        <application display_value="Student finance management">1b66be1674a722107f4433b6ca9e6b46</application>
        <file_path/>
        <instance_id>3aa94151979f66905382ff671153af42</instance_id>
        <instance_name>mav-aug-7844-0036</instance_name>
        <name>sys_app_module_f3335a24d8f322107f4418c193b98bf9</name>
        <payload><![CDATA[<?xml version="1.0" encoding="UTF-8"?><record_update sys_domain="global" table="sys_app_module"><sys_app_module action="INSERT_OR_UPDATE"><active>true</active><application display_value="System Import Sets">import_sets</application><assessment/><device_type/><filter/><hint/><homepage/><image/><link_type>LIST</link_type><map_page/><mobile_title>Imp Tmpl U Student</mobile_title><mobile_view_name>Mobile</mobile_view_name><name>u_imp_tmpl_u_student</name><order>1100</order><override_menu_roles>false</override_menu_roles><query/><report/><require_confirmation>true</require_confirmation><roles/><sys_class_name>sys_app_module</sys_class_name><sys_created_by>admin</sys_created_by><sys_created_on>2025-09-02 06:45:44</sys_created_on><sys_domain>global</sys_domain><sys_domain_path>/</sys_domain_path><sys_id>f3335a24d8f322107f4418c193b98bf9</sys_id><sys_mod_count>0</sys_mod_count><sys_name>Imp Tmpl U Student</sys_name><sys_overrides/><sys_package display_value="Student finance management" source="1b66be1674a722107f4433b6ca9e6b46">1b66be1674a722107f4433b6ca9e6b46</sys_package><sys_policy/><sys_scope display_value="Student finance management">1b66be1674a722107f4433b6ca9e6b46</sys_scope><sys_update_name>sys_app_module_f3335a24d8f322107f4418c193b98bf9</sys_update_name><sys_updated_by>admin</sys_updated_by><sys_updated_on>2025-09-02 06:45:44</sys_updated_on><timeline_page/><title>Imp Tmpl U Student</title><uncancelable>false</uncancelable><view_name/><window_name/></sys_app_module></record_update>]]></payload>
        <payload_hash>631409305</payload_hash>
        <record_name>Imp Tmpl U Student</record_name>
        <reverted_from/>
        <source>2b951130dde222107f44f6dc15354ef3</source>
        <source_table>sys_update_set</source_table>
        <state>previous</state>
        <sys_created_by>admin</sys_created_by>
        <sys_created_on>2025-09-02 06:45:44</sys_created_on>
        <sys_id>37335a24d8f322107f4418c193b98bfd</sys_id>
        <sys_mod_count>0</sys_mod_count>
        <sys_recorded_at>199092ca4dc0000001</sys_recorded_at>
        <sys_updated_by>admin</sys_updated_by>
        <sys_updated_on>2025-09-02 06:45:44</sys_updated_on>
        <type>Module</type>
        <update_guid>3b335a2487f322102ed03dc0f6b21dfc</update_guid>
        <update_guid_history>3b335a2487f322102ed03dc0f6b21dfc:631409305</update_guid_history>
    </sys_update_version>
    <sys_metadata_delete action="INSERT_OR_UPDATE">
        <sys_audit_delete display_value="Imp Tmpl U Student">0357c0f8d87f22107f4418c193b98b96</sys_audit_delete>
        <sys_class_name>sys_metadata_delete</sys_class_name>
        <sys_created_by>admin</sys_created_by>
        <sys_created_on>2025-09-02 15:13:03</sys_created_on>
        <sys_db_object display_value="" name="sys_app_module">sys_app_module</sys_db_object>
        <sys_id>2f9005e6faab48b992380cf309f4cce1</sys_id>
        <sys_metadata>f3335a24d8f322107f4418c193b98bf9</sys_metadata>
        <sys_mod_count>0</sys_mod_count>
        <sys_name>Imp Tmpl U Student</sys_name>
        <sys_package display_value="Student finance management" source="1b66be1674a722107f4433b6ca9e6b46">1b66be1674a722107f4433b6ca9e6b46</sys_package>
        <sys_parent/>
        <sys_policy/>
        <sys_scope display_value="Student finance management">1b66be1674a722107f4433b6ca9e6b46</sys_scope>
        <sys_scope_delete display_value="">021be04b21d042f480da36b0846026c4</sys_scope_delete>
        <sys_update_name>sys_app_module_f3335a24d8f322107f4418c193b98bf9</sys_update_name>
        <sys_update_version display_value="sys_app_module_f3335a24d8f322107f4418c193b98bf9">37335a24d8f322107f4418c193b98bfd</sys_update_version>
        <sys_updated_by>admin</sys_updated_by>
        <sys_updated_on>2025-09-02 15:13:03</sys_updated_on>
    </sys_metadata_delete>
</record_update>
