<?xml version="1.0" encoding="UTF-8"?><record_update>
    <sys_dictionary action="DELETE" element="" table="u_budget">
        <active>true</active>
        <array>false</array>
        <attributes/>
        <audit>false</audit>
        <calculation><![CDATA[(function calculatedFieldValue(current) {

	// Add your code here
	return '';  // return the calculated value

})(current);]]></calculation>
        <choice/>
        <choice_field/>
        <choice_table/>
        <column_label/>
        <comments/>
        <create_roles/>
        <default_value/>
        <defaultsort/>
        <delete_roles/>
        <dependent/>
        <dependent_on_field/>
        <display>false</display>
        <dynamic_creation>false</dynamic_creation>
        <dynamic_creation_script/>
        <dynamic_default_value/>
        <dynamic_ref_qual/>
        <element/>
        <element_reference>false</element_reference>
        <foreign_database/>
        <formula/>
        <function_definition/>
        <function_field>false</function_field>
        <internal_type display_value="Collection">collection</internal_type>
        <mandatory>false</mandatory>
        <max_length>40</max_length>
        <name>u_budget</name>
        <next_element/>
        <primary>false</primary>
        <read_only>false</read_only>
        <read_roles/>
        <reference/>
        <reference_cascade_rule/>
        <reference_floats>false</reference_floats>
        <reference_key/>
        <reference_qual/>
        <reference_qual_condition/>
        <reference_type/>
        <spell_check>false</spell_check>
        <staged>false</staged>
        <sys_class_name>sys_dictionary</sys_class_name>
        <sys_created_by>admin</sys_created_by>
        <sys_created_on>2025-09-02 15:37:36</sys_created_on>
        <sys_id>fefc04f0d8bf22107f4418c193b98b4b</sys_id>
        <sys_name>u_budget</sys_name>
        <sys_package display_value="Student finance management" source="1b66be1674a722107f4433b6ca9e6b46">1b66be1674a722107f4433b6ca9e6b46</sys_package>
        <sys_policy/>
        <sys_scope display_value="Student finance management">1b66be1674a722107f4433b6ca9e6b46</sys_scope>
        <sys_update_name>sys_dictionary_u_budget_null</sys_update_name>
        <sys_updated_by>admin</sys_updated_by>
        <sys_updated_on>2025-09-02 15:37:36</sys_updated_on>
        <table_reference>false</table_reference>
        <text_index>false</text_index>
        <unique>false</unique>
        <use_dependent_field>false</use_dependent_field>
        <use_dynamic_default>false</use_dynamic_default>
        <use_reference_qualifier>simple</use_reference_qualifier>
        <virtual>false</virtual>
        <virtual_type>script</virtual_type>
        <widget/>
        <write_roles/>
        <xml_view>false</xml_view>
    </sys_dictionary>
    <sys_update_version action="INSERT_OR_UPDATE">
        <action>DELETE</action>
        <application display_value="Student finance management">1b66be1674a722107f4433b6ca9e6b46</application>
        <file_path/>
        <instance_id>3aa94151979f66905382ff671153af42</instance_id>
        <instance_name>mav-aug-7844-0036</instance_name>
        <name>sys_dictionary_u_budget_null</name>
        <payload>&lt;?xml version="1.0" encoding="UTF-8"?&gt;&lt;record_update&gt;&lt;sys_dictionary action="INSERT_OR_UPDATE" element="" table="u_budget"&gt;&lt;active&gt;true&lt;/active&gt;&lt;array&gt;false&lt;/array&gt;&lt;attributes/&gt;&lt;audit&gt;false&lt;/audit&gt;&lt;calculation&gt;&lt;![CDATA[(function calculatedFieldValue(current) {

	// Add your code here
	return '';  // return the calculated value

})(current);]]&gt;&lt;/calculation&gt;&lt;choice/&gt;&lt;choice_field/&gt;&lt;choice_table/&gt;&lt;column_label/&gt;&lt;comments/&gt;&lt;create_roles/&gt;&lt;default_value/&gt;&lt;defaultsort/&gt;&lt;delete_roles/&gt;&lt;dependent/&gt;&lt;dependent_on_field/&gt;&lt;display&gt;false&lt;/display&gt;&lt;dynamic_creation&gt;false&lt;/dynamic_creation&gt;&lt;dynamic_creation_script/&gt;&lt;dynamic_default_value/&gt;&lt;dynamic_ref_qual/&gt;&lt;element/&gt;&lt;element_reference&gt;false&lt;/element_reference&gt;&lt;foreign_database/&gt;&lt;formula/&gt;&lt;function_definition/&gt;&lt;function_field&gt;false&lt;/function_field&gt;&lt;internal_type display_value="Collection"&gt;collection&lt;/internal_type&gt;&lt;mandatory&gt;false&lt;/mandatory&gt;&lt;max_length&gt;40&lt;/max_length&gt;&lt;name&gt;u_budget&lt;/name&gt;&lt;next_element/&gt;&lt;primary&gt;false&lt;/primary&gt;&lt;read_only&gt;false&lt;/read_only&gt;&lt;read_roles/&gt;&lt;reference/&gt;&lt;reference_cascade_rule/&gt;&lt;reference_floats&gt;false&lt;/reference_floats&gt;&lt;reference_key/&gt;&lt;reference_qual/&gt;&lt;reference_qual_condition/&gt;&lt;reference_type/&gt;&lt;spell_check&gt;false&lt;/spell_check&gt;&lt;staged&gt;false&lt;/staged&gt;&lt;sys_class_name&gt;sys_dictionary&lt;/sys_class_name&gt;&lt;sys_created_by&gt;admin&lt;/sys_created_by&gt;&lt;sys_created_on&gt;2025-09-02 15:37:36&lt;/sys_created_on&gt;&lt;sys_id&gt;fefc04f0d8bf22107f4418c193b98b4b&lt;/sys_id&gt;&lt;sys_name&gt;u_budget&lt;/sys_name&gt;&lt;sys_package display_value="Student finance management" source="1b66be1674a722107f4433b6ca9e6b46"&gt;1b66be1674a722107f4433b6ca9e6b46&lt;/sys_package&gt;&lt;sys_policy/&gt;&lt;sys_scope display_value="Student finance management"&gt;1b66be1674a722107f4433b6ca9e6b46&lt;/sys_scope&gt;&lt;sys_update_name&gt;sys_dictionary_u_budget_null&lt;/sys_update_name&gt;&lt;sys_updated_by&gt;admin&lt;/sys_updated_by&gt;&lt;sys_updated_on&gt;2025-09-02 15:37:36&lt;/sys_updated_on&gt;&lt;table_reference&gt;false&lt;/table_reference&gt;&lt;text_index&gt;false&lt;/text_index&gt;&lt;unique&gt;false&lt;/unique&gt;&lt;use_dependent_field&gt;false&lt;/use_dependent_field&gt;&lt;use_dynamic_default&gt;false&lt;/use_dynamic_default&gt;&lt;use_reference_qualifier&gt;simple&lt;/use_reference_qualifier&gt;&lt;virtual&gt;false&lt;/virtual&gt;&lt;virtual_type&gt;script&lt;/virtual_type&gt;&lt;widget/&gt;&lt;write_roles/&gt;&lt;xml_view&gt;false&lt;/xml_view&gt;&lt;/sys_dictionary&gt;&lt;/record_update&gt;</payload>
        <payload_hash>1964212902</payload_hash>
        <record_name>Budget</record_name>
        <reverted_from/>
        <source>2b951130dde222107f44f6dc15354ef3</source>
        <source_table>sys_update_set</source_table>
        <state>previous</state>
        <sys_created_by>admin</sys_created_by>
        <sys_created_on>2025-09-02 15:37:37</sys_created_on>
        <sys_id>c3fc04f0d8bf22107f4418c193b98b6f</sys_id>
        <sys_mod_count>0</sys_mod_count>
        <sys_recorded_at>1990b13962c0000001</sys_recorded_at>
        <sys_updated_by>admin</sys_updated_by>
        <sys_updated_on>2025-09-02 15:37:37</sys_updated_on>
        <type>Dictionary</type>
        <update_guid>8bfc04f0efbf2210fa97e1d50eb5d16e</update_guid>
        <update_guid_history>8bfc04f0efbf2210fa97e1d50eb5d16e:1964212902,ee2c40b035bf2210bd01e8f1c3e6d504:1243578714,d80e248bdaa3221076cce9f568d1883f:1964212902</update_guid_history>
    </sys_update_version>
    <sys_metadata_delete action="INSERT_OR_UPDATE">
        <sys_audit_delete/>
        <sys_class_name>sys_metadata_delete</sys_class_name>
        <sys_created_by>admin</sys_created_by>
        <sys_created_on>2025-09-02 15:57:20</sys_created_on>
        <sys_db_object display_value="" name="sys_dictionary">sys_dictionary</sys_db_object>
        <sys_id>02db5efcf1b1467980296cab67977f49</sys_id>
        <sys_metadata>fefc04f0d8bf22107f4418c193b98b4b</sys_metadata>
        <sys_mod_count>0</sys_mod_count>
        <sys_name>u_budget</sys_name>
        <sys_package display_value="Student finance management" source="1b66be1674a722107f4433b6ca9e6b46">1b66be1674a722107f4433b6ca9e6b46</sys_package>
        <sys_parent display_value="">a39cc4b0d8bf22107f4418c193b98b0b</sys_parent>
        <sys_policy/>
        <sys_scope display_value="Student finance management">1b66be1674a722107f4433b6ca9e6b46</sys_scope>
        <sys_scope_delete display_value="">021be04b21d042f480da36b0846026c4</sys_scope_delete>
        <sys_update_name>sys_dictionary_u_budget_null</sys_update_name>
        <sys_update_version display_value="sys_dictionary_u_budget_null">c3fc04f0d8bf22107f4418c193b98b6f</sys_update_version>
        <sys_updated_by>admin</sys_updated_by>
        <sys_updated_on>2025-09-02 15:57:20</sys_updated_on>
    </sys_metadata_delete>
</record_update>
