<?xml version="1.0" encoding="UTF-8"?><record_update table="sys_ux_app_route">
    <sys_ux_app_route action="DELETE">
        <app_config display_value="Stuent finance portal">c0d961c731e722107f44b6584209a5f4</app_config>
        <description/>
        <extension_point/>
        <fields/>
        <icon/>
        <name>kb-article</name>
        <optional_parameters/>
        <order>0</order>
        <parent_macroponent display_value="Workspace App Shell">c276387cc331101080d6d3658940ddd2</parent_macroponent>
        <parent_macroponent_composition_element_id/>
        <route_type>kb-article</route_type>
        <screen_type display_value="kb-article">1ad1c89a4db322107f4452cad5fc9498</screen_type>
        <sys_class_name>sys_ux_app_route</sys_class_name>
        <sys_created_by>admin</sys_created_by>
        <sys_created_on>2025-09-07 06:39:51</sys_created_on>
        <sys_id>ded1c89a4db322107f4452cad5fc949a</sys_id>
        <sys_mod_count>0</sys_mod_count>
        <sys_name>kb-article</sys_name>
        <sys_package display_value="Student finance management" source="1b66be1674a722107f4433b6ca9e6b46">1b66be1674a722107f4433b6ca9e6b46</sys_package>
        <sys_policy/>
        <sys_scope display_value="Student finance management">1b66be1674a722107f4433b6ca9e6b46</sys_scope>
        <sys_update_name>sys_ux_app_route_ded1c89a4db322107f4452cad5fc949a</sys_update_name>
        <sys_updated_by>admin</sys_updated_by>
        <sys_updated_on>2025-09-07 06:39:51</sys_updated_on>
    </sys_ux_app_route>
    <sys_translated_text action="DELETE" query="documentkey=ded1c89a4db322107f4452cad5fc949a"/>
    <sys_update_version action="INSERT_OR_UPDATE">
        <action>DELETE</action>
        <application display_value="Student finance management">1b66be1674a722107f4433b6ca9e6b46</application>
        <file_path/>
        <instance_id>3aa94151979f66905382ff671153af42</instance_id>
        <instance_name>mav-aug-7844-0036</instance_name>
        <name>sys_ux_app_route_ded1c89a4db322107f4452cad5fc949a</name>
        <payload><![CDATA[<?xml version="1.0" encoding="UTF-8"?><record_update table="sys_ux_app_route"><sys_ux_app_route action="INSERT_OR_UPDATE"><app_config display_value="Stuent finance portal">c0d961c731e722107f44b6584209a5f4</app_config><description/><extension_point/><fields/><icon/><name>kb-article</name><optional_parameters/><order>0</order><parent_macroponent display_value="Workspace App Shell">c276387cc331101080d6d3658940ddd2</parent_macroponent><parent_macroponent_composition_element_id/><route_type>kb-article</route_type><screen_type display_value="kb-article">1ad1c89a4db322107f4452cad5fc9498</screen_type><sys_class_name>sys_ux_app_route</sys_class_name><sys_created_by>admin</sys_created_by><sys_created_on>2025-09-07 06:39:51</sys_created_on><sys_id>ded1c89a4db322107f4452cad5fc949a</sys_id><sys_mod_count>0</sys_mod_count><sys_name>kb-article</sys_name><sys_package display_value="Student finance management" source="1b66be1674a722107f4433b6ca9e6b46">1b66be1674a722107f4433b6ca9e6b46</sys_package><sys_policy/><sys_scope display_value="Student finance management">1b66be1674a722107f4433b6ca9e6b46</sys_scope><sys_update_name>sys_ux_app_route_ded1c89a4db322107f4452cad5fc949a</sys_update_name><sys_updated_by>admin</sys_updated_by><sys_updated_on>2025-09-07 06:39:51</sys_updated_on></sys_ux_app_route><sys_translated_text action="delete_multiple" query="documentkey=ded1c89a4db322107f4452cad5fc949a"/></record_update>]]></payload>
        <payload_hash>2071069344</payload_hash>
        <record_name>kb-article</record_name>
        <reverted_from/>
        <source>2b951130dde222107f44f6dc15354ef3</source>
        <source_table>sys_update_set</source_table>
        <state>previous</state>
        <sys_created_by>admin</sys_created_by>
        <sys_created_on>2025-09-07 06:39:51</sys_created_on>
        <sys_id>52d1c89a4db322107f4452cad5fc949d</sys_id>
        <sys_mod_count>0</sys_mod_count>
        <sys_recorded_at>19922e70b930000001</sys_recorded_at>
        <sys_updated_by>admin</sys_updated_by>
        <sys_updated_on>2025-09-07 06:39:51</sys_updated_on>
        <type>UX App Route</type>
        <update_guid>56d1c89af7b32210909424d5f996a69c</update_guid>
        <update_guid_history>56d1c89af7b32210909424d5f996a69c:2071069344</update_guid_history>
    </sys_update_version>
    <sys_metadata_delete action="INSERT_OR_UPDATE">
        <sys_audit_delete/>
        <sys_class_name>sys_metadata_delete</sys_class_name>
        <sys_created_by>admin</sys_created_by>
        <sys_created_on>2025-09-07 06:40:43</sys_created_on>
        <sys_db_object display_value="" name="sys_ux_app_route">sys_ux_app_route</sys_db_object>
        <sys_id>2ee6ea2989c84a45924be80152ad95e9</sys_id>
        <sys_metadata>ded1c89a4db322107f4452cad5fc949a</sys_metadata>
        <sys_mod_count>0</sys_mod_count>
        <sys_name>kb-article</sys_name>
        <sys_package display_value="Student finance management" source="1b66be1674a722107f4433b6ca9e6b46">1b66be1674a722107f4433b6ca9e6b46</sys_package>
        <sys_parent/>
        <sys_policy/>
        <sys_scope display_value="Student finance management">1b66be1674a722107f4433b6ca9e6b46</sys_scope>
        <sys_scope_delete display_value="">021be04b21d042f480da36b0846026c4</sys_scope_delete>
        <sys_update_name>sys_ux_app_route_ded1c89a4db322107f4452cad5fc949a</sys_update_name>
        <sys_update_version display_value="sys_ux_app_route_ded1c89a4db322107f4452cad5fc949a">52d1c89a4db322107f4452cad5fc949d</sys_update_version>
        <sys_updated_by>admin</sys_updated_by>
        <sys_updated_on>2025-09-07 06:40:43</sys_updated_on>
    </sys_metadata_delete>
</record_update>
