<?xml version="1.0" encoding="UTF-8"?><record_update sys_domain="global" table="sys_app_module">
    <sys_app_module action="DELETE">
        <active>true</active>
        <application display_value="Budget">f7fde08b31a322107f44b6584209a5f9</application>
        <assessment/>
        <device_type/>
        <filter/>
        <hint/>
        <homepage/>
        <image/>
        <link_type>LIST</link_type>
        <map_page/>
        <mobile_title>Budgets</mobile_title>
        <mobile_view_name>Mobile</mobile_view_name>
        <name>u_budget</name>
        <order/>
        <override_menu_roles>false</override_menu_roles>
        <query/>
        <report/>
        <require_confirmation>true</require_confirmation>
        <roles>u_budget_user</roles>
        <sys_class_name>sys_app_module</sys_class_name>
        <sys_created_by>admin</sys_created_by>
        <sys_created_on>2025-08-28 07:32:29</sys_created_on>
        <sys_domain>global</sys_domain>
        <sys_domain_path>/</sys_domain_path>
        <sys_id>c40ee08b31a322107f44b6584209a5fc</sys_id>
        <sys_mod_count>0</sys_mod_count>
        <sys_name>Budgets</sys_name>
        <sys_overrides/>
        <sys_package display_value="Student finance management" source="1b66be1674a722107f4433b6ca9e6b46">1b66be1674a722107f4433b6ca9e6b46</sys_package>
        <sys_policy/>
        <sys_scope display_value="Student finance management">1b66be1674a722107f4433b6ca9e6b46</sys_scope>
        <sys_update_name>sys_app_module_c40ee08b31a322107f44b6584209a5fc</sys_update_name>
        <sys_updated_by>admin</sys_updated_by>
        <sys_updated_on>2025-08-28 07:32:29</sys_updated_on>
        <timeline_page/>
        <title>Budgets</title>
        <uncancelable>false</uncancelable>
        <view_name/>
        <window_name/>
    </sys_app_module>
    <sys_update_version action="INSERT_OR_UPDATE">
        <action>DELETE</action>
        <application display_value="Student finance management">1b66be1674a722107f4433b6ca9e6b46</application>
        <file_path/>
        <instance_id>3aa94151979f66905382ff671153af42</instance_id>
        <instance_name>mav-aug-7844-0036</instance_name>
        <name>sys_app_module_c40ee08b31a322107f44b6584209a5fc</name>
        <payload><![CDATA[<?xml version="1.0" encoding="UTF-8"?><record_update sys_domain="global" table="sys_app_module"><sys_app_module action="INSERT_OR_UPDATE"><active>true</active><application display_value="Budget">f7fde08b31a322107f44b6584209a5f9</application><assessment/><device_type/><filter/><hint/><homepage/><image/><link_type>LIST</link_type><map_page/><mobile_title>Budgets</mobile_title><mobile_view_name>Mobile</mobile_view_name><name>u_budget</name><order/><override_menu_roles>false</override_menu_roles><query/><report/><require_confirmation>true</require_confirmation><roles>u_budget_user</roles><sys_class_name>sys_app_module</sys_class_name><sys_created_by>admin</sys_created_by><sys_created_on>2025-08-28 07:32:29</sys_created_on><sys_domain>global</sys_domain><sys_domain_path>/</sys_domain_path><sys_id>c40ee08b31a322107f44b6584209a5fc</sys_id><sys_mod_count>0</sys_mod_count><sys_name>Budgets</sys_name><sys_overrides/><sys_package display_value="Student finance management" source="1b66be1674a722107f4433b6ca9e6b46">1b66be1674a722107f4433b6ca9e6b46</sys_package><sys_policy/><sys_scope display_value="Student finance management">1b66be1674a722107f4433b6ca9e6b46</sys_scope><sys_update_name>sys_app_module_c40ee08b31a322107f44b6584209a5fc</sys_update_name><sys_updated_by>admin</sys_updated_by><sys_updated_on>2025-08-28 07:32:29</sys_updated_on><timeline_page/><title>Budgets</title><uncancelable>false</uncancelable><view_name/><window_name/></sys_app_module></record_update>]]></payload>
        <payload_hash>280688503</payload_hash>
        <record_name>Budgets</record_name>
        <reverted_from/>
        <source>2b951130dde222107f44f6dc15354ef3</source>
        <source_table>sys_update_set</source_table>
        <state>previous</state>
        <sys_created_by>admin</sys_created_by>
        <sys_created_on>2025-08-28 07:32:29</sys_created_on>
        <sys_id>4c0ee08b31a322107f44b6584209a5fe</sys_id>
        <sys_mod_count>0</sys_mod_count>
        <sys_recorded_at>198ef97a4ef0000001</sys_recorded_at>
        <sys_updated_by>admin</sys_updated_by>
        <sys_updated_on>2025-08-28 07:32:29</sys_updated_on>
        <type>Module</type>
        <update_guid>400ee08ba5a32210f07b52621479fdfe</update_guid>
        <update_guid_history>400ee08ba5a32210f07b52621479fdfe:280688503</update_guid_history>
    </sys_update_version>
    <sys_metadata_delete action="INSERT_OR_UPDATE">
        <sys_audit_delete display_value="Budgets">752c00b0d8bf22107f4418c193b98b1c</sys_audit_delete>
        <sys_class_name>sys_metadata_delete</sys_class_name>
        <sys_created_by>admin</sys_created_by>
        <sys_created_on>2025-09-02 15:33:59</sys_created_on>
        <sys_db_object display_value="" name="sys_app_module">sys_app_module</sys_db_object>
        <sys_id>8c5bcd68995c48e09a50c6bcf1622400</sys_id>
        <sys_metadata>c40ee08b31a322107f44b6584209a5fc</sys_metadata>
        <sys_mod_count>0</sys_mod_count>
        <sys_name>Budgets</sys_name>
        <sys_package display_value="Student finance management" source="1b66be1674a722107f4433b6ca9e6b46">1b66be1674a722107f4433b6ca9e6b46</sys_package>
        <sys_parent/>
        <sys_policy/>
        <sys_scope display_value="Student finance management">1b66be1674a722107f4433b6ca9e6b46</sys_scope>
        <sys_scope_delete display_value="">021be04b21d042f480da36b0846026c4</sys_scope_delete>
        <sys_update_name>sys_app_module_c40ee08b31a322107f44b6584209a5fc</sys_update_name>
        <sys_update_version display_value="sys_app_module_c40ee08b31a322107f44b6584209a5fc">4c0ee08b31a322107f44b6584209a5fe</sys_update_version>
        <sys_updated_by>admin</sys_updated_by>
        <sys_updated_on>2025-09-02 15:33:59</sys_updated_on>
    </sys_metadata_delete>
</record_update>
