<?xml version="1.0" encoding="UTF-8"?><record_update table="sys_ux_app_route">
    <sys_ux_app_route action="DELETE">
        <app_config display_value="Stuent finance portal">c0d961c731e722107f44b6584209a5f4</app_config>
        <description/>
        <extension_point/>
        <fields/>
        <icon/>
        <name>Profile</name>
        <optional_parameters/>
        <order>0</order>
        <parent_macroponent display_value="Workspace App Shell">c276387cc331101080d6d3658940ddd2</parent_macroponent>
        <parent_macroponent_composition_element_id/>
        <route_type>profile</route_type>
        <screen_type display_value="Profile">849f62dc3d7322107f44d55d201412dc</screen_type>
        <sys_class_name>sys_ux_app_route</sys_class_name>
        <sys_created_by>admin</sys_created_by>
        <sys_created_on>2025-09-01 14:10:58</sys_created_on>
        <sys_id>489f62dc3d7322107f44d55d201412df</sys_id>
        <sys_mod_count>0</sys_mod_count>
        <sys_name>Profile</sys_name>
        <sys_package display_value="Student finance management" source="1b66be1674a722107f4433b6ca9e6b46">1b66be1674a722107f4433b6ca9e6b46</sys_package>
        <sys_policy/>
        <sys_scope display_value="Student finance management">1b66be1674a722107f4433b6ca9e6b46</sys_scope>
        <sys_update_name>sys_ux_app_route_489f62dc3d7322107f44d55d201412df</sys_update_name>
        <sys_updated_by>admin</sys_updated_by>
        <sys_updated_on>2025-09-01 14:10:58</sys_updated_on>
    </sys_ux_app_route>
    <sys_translated_text action="DELETE" query="documentkey=489f62dc3d7322107f44d55d201412df"/>
    <sys_update_version action="INSERT_OR_UPDATE">
        <action>DELETE</action>
        <application display_value="Student finance management">1b66be1674a722107f4433b6ca9e6b46</application>
        <file_path/>
        <instance_id>3aa94151979f66905382ff671153af42</instance_id>
        <instance_name>mav-aug-7844-0036</instance_name>
        <name>sys_ux_app_route_489f62dc3d7322107f44d55d201412df</name>
        <payload><![CDATA[<?xml version="1.0" encoding="UTF-8"?><record_update table="sys_ux_app_route"><sys_ux_app_route action="INSERT_OR_UPDATE"><app_config display_value="Stuent finance portal">c0d961c731e722107f44b6584209a5f4</app_config><description/><extension_point/><fields/><icon/><name>Profile</name><optional_parameters/><order>0</order><parent_macroponent display_value="Workspace App Shell">c276387cc331101080d6d3658940ddd2</parent_macroponent><parent_macroponent_composition_element_id/><route_type>profile</route_type><screen_type display_value="Profile">849f62dc3d7322107f44d55d201412dc</screen_type><sys_class_name>sys_ux_app_route</sys_class_name><sys_created_by>admin</sys_created_by><sys_created_on>2025-09-01 14:10:58</sys_created_on><sys_id>489f62dc3d7322107f44d55d201412df</sys_id><sys_mod_count>0</sys_mod_count><sys_name>Profile</sys_name><sys_package display_value="Student finance management" source="1b66be1674a722107f4433b6ca9e6b46">1b66be1674a722107f4433b6ca9e6b46</sys_package><sys_policy/><sys_scope display_value="Student finance management">1b66be1674a722107f4433b6ca9e6b46</sys_scope><sys_update_name>sys_ux_app_route_489f62dc3d7322107f44d55d201412df</sys_update_name><sys_updated_by>admin</sys_updated_by><sys_updated_on>2025-09-01 14:10:58</sys_updated_on></sys_ux_app_route><sys_translated_text action="delete_multiple" query="documentkey=489f62dc3d7322107f44d55d201412df"/></record_update>]]></payload>
        <payload_hash>-25792770</payload_hash>
        <record_name>Profile</record_name>
        <reverted_from/>
        <source>2b951130dde222107f44f6dc15354ef3</source>
        <source_table>sys_update_set</source_table>
        <state>previous</state>
        <sys_created_by>admin</sys_created_by>
        <sys_created_on>2025-09-01 14:10:58</sys_created_on>
        <sys_id>889f62dc3d7322107f44d55d201412e2</sys_id>
        <sys_mod_count>0</sys_mod_count>
        <sys_recorded_at>199059de6a10000001</sys_recorded_at>
        <sys_updated_by>admin</sys_updated_by>
        <sys_updated_on>2025-09-01 14:10:58</sys_updated_on>
        <type>UX App Route</type>
        <update_guid>4c9f62dc86732210cf4770e9ed0697e1</update_guid>
        <update_guid_history>4c9f62dc86732210cf4770e9ed0697e1:-25792770</update_guid_history>
    </sys_update_version>
    <sys_metadata_delete action="INSERT_OR_UPDATE">
        <sys_audit_delete/>
        <sys_class_name>sys_metadata_delete</sys_class_name>
        <sys_created_by>admin</sys_created_by>
        <sys_created_on>2025-09-01 16:25:28</sys_created_on>
        <sys_db_object display_value="" name="sys_ux_app_route">sys_ux_app_route</sys_db_object>
        <sys_id>09581769f4634c10b00cae48cfadda01</sys_id>
        <sys_metadata>489f62dc3d7322107f44d55d201412df</sys_metadata>
        <sys_mod_count>0</sys_mod_count>
        <sys_name>Profile</sys_name>
        <sys_package display_value="Student finance management" source="1b66be1674a722107f4433b6ca9e6b46">1b66be1674a722107f4433b6ca9e6b46</sys_package>
        <sys_parent/>
        <sys_policy/>
        <sys_scope display_value="Student finance management">1b66be1674a722107f4433b6ca9e6b46</sys_scope>
        <sys_scope_delete display_value="">021be04b21d042f480da36b0846026c4</sys_scope_delete>
        <sys_update_name>sys_ux_app_route_489f62dc3d7322107f44d55d201412df</sys_update_name>
        <sys_update_version display_value="sys_ux_app_route_489f62dc3d7322107f44d55d201412df">889f62dc3d7322107f44d55d201412e2</sys_update_version>
        <sys_updated_by>admin</sys_updated_by>
        <sys_updated_on>2025-09-01 16:25:28</sys_updated_on>
    </sys_metadata_delete>
</record_update>
