<?xml version="1.0" encoding="UTF-8"?><record_update table="sys_embedded_help_role">
    <sys_embedded_help_role action="DELETE">
        <order>1000</order>
        <role display_value="advisor" name="advisor">3986b65674a722107f4433b6ca9e6b24</role>
        <sys_class_name>sys_embedded_help_role</sys_class_name>
        <sys_created_by>admin</sys_created_by>
        <sys_created_on>2025-08-26 09:33:33</sys_created_on>
        <sys_id>7186b65674a722107f4433b6ca9e6b26</sys_id>
        <sys_mod_count>0</sys_mod_count>
        <sys_name>3986b65674a722107f4433b6ca9e6b24</sys_name>
        <sys_package display_value="Student finance management" source="1b66be1674a722107f4433b6ca9e6b46">1b66be1674a722107f4433b6ca9e6b46</sys_package>
        <sys_policy/>
        <sys_scope display_value="Student finance management">1b66be1674a722107f4433b6ca9e6b46</sys_scope>
        <sys_update_name>sys_embedded_help_role_7186b65674a722107f4433b6ca9e6b26</sys_update_name>
        <sys_updated_by>admin</sys_updated_by>
        <sys_updated_on>2025-08-26 09:33:33</sys_updated_on>
    </sys_embedded_help_role>
    <sys_update_version action="INSERT_OR_UPDATE">
        <action>DELETE</action>
        <application display_value="Student finance management">1b66be1674a722107f4433b6ca9e6b46</application>
        <file_path/>
        <instance_id>3aa94151979f66905382ff671153af42</instance_id>
        <instance_name>mav-aug-7844-0036</instance_name>
        <name>sys_embedded_help_role_7186b65674a722107f4433b6ca9e6b26</name>
        <payload><![CDATA[<?xml version="1.0" encoding="UTF-8"?><record_update table="sys_embedded_help_role"><sys_embedded_help_role action="INSERT_OR_UPDATE"><order>1000</order><role display_value="advisor" name="advisor">3986b65674a722107f4433b6ca9e6b24</role><sys_class_name>sys_embedded_help_role</sys_class_name><sys_created_by>admin</sys_created_by><sys_created_on>2025-08-26 09:33:33</sys_created_on><sys_id>7186b65674a722107f4433b6ca9e6b26</sys_id><sys_mod_count>0</sys_mod_count><sys_name>3986b65674a722107f4433b6ca9e6b24</sys_name><sys_package display_value="Student finance management" source="1b66be1674a722107f4433b6ca9e6b46">1b66be1674a722107f4433b6ca9e6b46</sys_package><sys_policy/><sys_scope display_value="Student finance management">1b66be1674a722107f4433b6ca9e6b46</sys_scope><sys_update_name>sys_embedded_help_role_7186b65674a722107f4433b6ca9e6b26</sys_update_name><sys_updated_by>admin</sys_updated_by><sys_updated_on>2025-08-26 09:33:33</sys_updated_on></sys_embedded_help_role></record_update>]]></payload>
        <payload_hash>113361099</payload_hash>
        <record_name>3986b65674a722107f4433b6ca9e6b24</record_name>
        <reverted_from/>
        <source>454e8d30dd2222107f44f6dc15354eb3</source>
        <source_table>sys_upgrade_history</source_table>
        <state>previous</state>
        <sys_created_by/>
        <sys_created_on>2025-07-02 17:04:21</sys_created_on>
        <sys_id>83ea5fa62c6322107f4497b9fda7a952</sys_id>
        <sys_mod_count/>
        <sys_recorded_at>197cc18b6080000000</sys_recorded_at>
        <sys_updated_by/>
        <sys_updated_on/>
        <type>Embedded Help Role Priority</type>
        <update_guid>43ea5fa6bb632210d6389a15a262df52</update_guid>
        <update_guid_history>43ea5fa6bb632210d6389a15a262df52:113361099</update_guid_history>
    </sys_update_version>
    <sys_metadata_delete action="INSERT_OR_UPDATE">
        <sys_audit_delete/>
        <sys_class_name>sys_metadata_delete</sys_class_name>
        <sys_created_by>admin</sys_created_by>
        <sys_created_on>2025-08-27 06:51:02</sys_created_on>
        <sys_db_object display_value="" name="sys_embedded_help_role">sys_embedded_help_role</sys_db_object>
        <sys_id>166c888515b2494296e8e452f6f02c81</sys_id>
        <sys_metadata>7186b65674a722107f4433b6ca9e6b26</sys_metadata>
        <sys_mod_count>0</sys_mod_count>
        <sys_name>3986b65674a722107f4433b6ca9e6b24</sys_name>
        <sys_package display_value="Student finance management" source="1b66be1674a722107f4433b6ca9e6b46">1b66be1674a722107f4433b6ca9e6b46</sys_package>
        <sys_parent/>
        <sys_policy/>
        <sys_scope display_value="Student finance management">1b66be1674a722107f4433b6ca9e6b46</sys_scope>
        <sys_scope_delete display_value="">021be04b21d042f480da36b0846026c4</sys_scope_delete>
        <sys_update_name>sys_embedded_help_role_7186b65674a722107f4433b6ca9e6b26</sys_update_name>
        <sys_update_version display_value="sys_embedded_help_role_7186b65674a722107f4433b6ca9e6b26">83ea5fa62c6322107f4497b9fda7a952</sys_update_version>
        <sys_updated_by>admin</sys_updated_by>
        <sys_updated_on>2025-08-27 06:51:02</sys_updated_on>
    </sys_metadata_delete>
</record_update>
