<?xml version="1.0" encoding="UTF-8"?><record_update table="sys_ux_app_route">
    <sys_ux_app_route action="DELETE">
        <app_config display_value="Stuent finance portal">c0d961c731e722107f44b6584209a5f4</app_config>
        <description/>
        <extension_point/>
        <fields>table,sysId</fields>
        <icon/>
        <name>Bookings</name>
        <optional_parameters>query,views,activityLogs,extraParams,fields,screen,selectedTabIndex,userPrefs</optional_parameters>
        <order>0</order>
        <parent_macroponent display_value="Workspace App Shell">c276387cc331101080d6d3658940ddd2</parent_macroponent>
        <parent_macroponent_composition_element_id/>
        <route_type>bookings</route_type>
        <screen_type display_value="Bookings">2e65d228d8f322107f4418c193b98bdc</screen_type>
        <sys_class_name>sys_ux_app_route</sys_class_name>
        <sys_created_by>admin</sys_created_by>
        <sys_created_on>2025-09-02 06:55:12</sys_created_on>
        <sys_id>ae655628d8f322107f4418c193b98bd0</sys_id>
        <sys_mod_count>1</sys_mod_count>
        <sys_name>Bookings</sys_name>
        <sys_package display_value="Student finance management" source="1b66be1674a722107f4433b6ca9e6b46">1b66be1674a722107f4433b6ca9e6b46</sys_package>
        <sys_policy/>
        <sys_scope display_value="Student finance management">1b66be1674a722107f4433b6ca9e6b46</sys_scope>
        <sys_update_name>sys_ux_app_route_ae655628d8f322107f4418c193b98bd0</sys_update_name>
        <sys_updated_by>admin</sys_updated_by>
        <sys_updated_on>2025-09-03 12:56:48</sys_updated_on>
    </sys_ux_app_route>
    <sys_translated_text action="DELETE" query="documentkey=ae655628d8f322107f4418c193b98bd0"/>
    <sys_update_version action="INSERT_OR_UPDATE">
        <action>DELETE</action>
        <application display_value="Student finance management">1b66be1674a722107f4433b6ca9e6b46</application>
        <file_path/>
        <instance_id>3aa94151979f66905382ff671153af42</instance_id>
        <instance_name>mav-aug-7844-0036</instance_name>
        <name>sys_ux_app_route_ae655628d8f322107f4418c193b98bd0</name>
        <payload><![CDATA[<?xml version="1.0" encoding="UTF-8"?><record_update table="sys_ux_app_route"><sys_ux_app_route action="INSERT_OR_UPDATE"><app_config display_value="Stuent finance portal">c0d961c731e722107f44b6584209a5f4</app_config><description/><extension_point/><fields>table,sysId</fields><icon/><name>Bookings</name><optional_parameters>query,views,activityLogs,extraParams,fields,screen,selectedTabIndex,userPrefs</optional_parameters><order>0</order><parent_macroponent display_value="Workspace App Shell">c276387cc331101080d6d3658940ddd2</parent_macroponent><parent_macroponent_composition_element_id/><route_type>bookings</route_type><screen_type display_value="Bookings">2e65d228d8f322107f4418c193b98bdc</screen_type><sys_class_name>sys_ux_app_route</sys_class_name><sys_created_by>admin</sys_created_by><sys_created_on>2025-09-02 06:55:12</sys_created_on><sys_id>ae655628d8f322107f4418c193b98bd0</sys_id><sys_mod_count>1</sys_mod_count><sys_name>Bookings</sys_name><sys_package display_value="Student finance management" source="1b66be1674a722107f4433b6ca9e6b46">1b66be1674a722107f4433b6ca9e6b46</sys_package><sys_policy/><sys_scope display_value="Student finance management">1b66be1674a722107f4433b6ca9e6b46</sys_scope><sys_update_name>sys_ux_app_route_ae655628d8f322107f4418c193b98bd0</sys_update_name><sys_updated_by>admin</sys_updated_by><sys_updated_on>2025-09-03 12:56:48</sys_updated_on></sys_ux_app_route><sys_translated_text action="delete_multiple" query="documentkey=ae655628d8f322107f4418c193b98bd0"/></record_update>]]></payload>
        <payload_hash>1443982638</payload_hash>
        <record_name>Bookings</record_name>
        <reverted_from/>
        <source>2b951130dde222107f44f6dc15354ef3</source>
        <source_table>sys_update_set</source_table>
        <state>previous</state>
        <sys_created_by>admin</sys_created_by>
        <sys_created_on>2025-09-03 12:56:48</sys_created_on>
        <sys_id>ddc1f48120fb22107f44f98838e8b878</sys_id>
        <sys_mod_count>0</sys_mod_count>
        <sys_recorded_at>1990fa6ba1c0000001</sys_recorded_at>
        <sys_updated_by>admin</sys_updated_by>
        <sys_updated_on>2025-09-03 12:56:48</sys_updated_on>
        <type>UX App Route</type>
        <update_guid>15c1f481bafb22105d30d9c67e621778</update_guid>
        <update_guid_history>15c1f481bafb22105d30d9c67e621778:1443982638,e66556286af3221039a0ca12d194f3d2:-693635580</update_guid_history>
    </sys_update_version>
    <sys_metadata_delete action="INSERT_OR_UPDATE">
        <sys_audit_delete/>
        <sys_class_name>sys_metadata_delete</sys_class_name>
        <sys_created_by>admin</sys_created_by>
        <sys_created_on>2025-09-03 13:06:21</sys_created_on>
        <sys_db_object display_value="" name="sys_ux_app_route">sys_ux_app_route</sys_db_object>
        <sys_id>0b00bcd50870489798fe459ec5435d59</sys_id>
        <sys_metadata>ae655628d8f322107f4418c193b98bd0</sys_metadata>
        <sys_mod_count>0</sys_mod_count>
        <sys_name>Bookings</sys_name>
        <sys_package display_value="Student finance management" source="1b66be1674a722107f4433b6ca9e6b46">1b66be1674a722107f4433b6ca9e6b46</sys_package>
        <sys_parent/>
        <sys_policy/>
        <sys_scope display_value="Student finance management">1b66be1674a722107f4433b6ca9e6b46</sys_scope>
        <sys_scope_delete display_value="">021be04b21d042f480da36b0846026c4</sys_scope_delete>
        <sys_update_name>sys_ux_app_route_ae655628d8f322107f4418c193b98bd0</sys_update_name>
        <sys_update_version display_value="sys_ux_app_route_ae655628d8f322107f4418c193b98bd0">ddc1f48120fb22107f44f98838e8b878</sys_update_version>
        <sys_updated_by>admin</sys_updated_by>
        <sys_updated_on>2025-09-03 13:06:21</sys_updated_on>
    </sys_metadata_delete>
</record_update>
