<?xml version="1.0" encoding="UTF-8"?><record_update>
    <sys_choice action="INSERT_OR_UPDATE" field="u_choice_6" table="u_budget" version="3">
        <sys_choice_set action="INSERT_OR_UPDATE">
            <element>u_choice_6</element>
            <name>u_budget</name>
            <sys_class_name>sys_choice_set</sys_class_name>
            <sys_created_by>admin</sys_created_by>
            <sys_created_on>2025-09-02 15:49:54</sys_created_on>
            <sys_mod_count>0</sys_mod_count>
            <sys_name>u_choice_6</sys_name>
            <sys_package display_value="Student finance management" source="1b66be1674a722107f4433b6ca9e6b46">1b66be1674a722107f4433b6ca9e6b46</sys_package>
            <sys_policy/>
            <sys_scope display_value="Student finance management">1b66be1674a722107f4433b6ca9e6b46</sys_scope>
            <sys_update_name>sys_choice_u_budget_u_choice_6</sys_update_name>
            <sys_updated_by>admin</sys_updated_by>
            <sys_updated_on>2025-09-02 15:49:54</sys_updated_on>
        </sys_choice_set>
    </sys_choice>
</record_update>
