<?xml version="1.0" encoding="UTF-8"?><record_update sys_domain="global" table="sys_app_module">
    <sys_app_module action="DELETE">
        <active>true</active>
        <application display_value="Student">724a1443316322107f44b6584209a557</application>
        <assessment/>
        <device_type/>
        <filter/>
        <hint/>
        <homepage/>
        <image/>
        <link_type>LIST</link_type>
        <map_page/>
        <mobile_title>Students</mobile_title>
        <mobile_view_name>Mobile</mobile_view_name>
        <name>u_student</name>
        <order/>
        <override_menu_roles>false</override_menu_roles>
        <query/>
        <report/>
        <require_confirmation>true</require_confirmation>
        <roles>u_student_user</roles>
        <sys_class_name>sys_app_module</sys_class_name>
        <sys_created_by>admin</sys_created_by>
        <sys_created_on>2025-09-02 15:20:54</sys_created_on>
        <sys_domain>global</sys_domain>
        <sys_domain_path>/</sys_domain_path>
        <sys_id>8e298c7cd87f22107f4418c193b98b39</sys_id>
        <sys_mod_count>0</sys_mod_count>
        <sys_name>Students</sys_name>
        <sys_overrides/>
        <sys_package display_value="Student finance management" source="1b66be1674a722107f4433b6ca9e6b46">1b66be1674a722107f4433b6ca9e6b46</sys_package>
        <sys_policy/>
        <sys_scope display_value="Student finance management">1b66be1674a722107f4433b6ca9e6b46</sys_scope>
        <sys_update_name>sys_app_module_8e298c7cd87f22107f4418c193b98b39</sys_update_name>
        <sys_updated_by>admin</sys_updated_by>
        <sys_updated_on>2025-09-02 15:20:54</sys_updated_on>
        <timeline_page/>
        <title>Students</title>
        <uncancelable>false</uncancelable>
        <view_name/>
        <window_name/>
    </sys_app_module>
    <sys_update_version action="INSERT_OR_UPDATE">
        <action>DELETE</action>
        <application display_value="Student finance management">1b66be1674a722107f4433b6ca9e6b46</application>
        <file_path/>
        <instance_id>3aa94151979f66905382ff671153af42</instance_id>
        <instance_name>mav-aug-7844-0036</instance_name>
        <name>sys_app_module_8e298c7cd87f22107f4418c193b98b39</name>
        <payload><![CDATA[<?xml version="1.0" encoding="UTF-8"?><record_update sys_domain="global" table="sys_app_module"><sys_app_module action="INSERT_OR_UPDATE"><active>true</active><application display_value="Student">724a1443316322107f44b6584209a557</application><assessment/><device_type/><filter/><hint/><homepage/><image/><link_type>LIST</link_type><map_page/><mobile_title>Students</mobile_title><mobile_view_name>Mobile</mobile_view_name><name>u_student</name><order/><override_menu_roles>false</override_menu_roles><query/><report/><require_confirmation>true</require_confirmation><roles>u_student_user</roles><sys_class_name>sys_app_module</sys_class_name><sys_created_by>admin</sys_created_by><sys_created_on>2025-09-02 15:20:54</sys_created_on><sys_domain>global</sys_domain><sys_domain_path>/</sys_domain_path><sys_id>8e298c7cd87f22107f4418c193b98b39</sys_id><sys_mod_count>0</sys_mod_count><sys_name>Students</sys_name><sys_overrides/><sys_package display_value="Student finance management" source="1b66be1674a722107f4433b6ca9e6b46">1b66be1674a722107f4433b6ca9e6b46</sys_package><sys_policy/><sys_scope display_value="Student finance management">1b66be1674a722107f4433b6ca9e6b46</sys_scope><sys_update_name>sys_app_module_8e298c7cd87f22107f4418c193b98b39</sys_update_name><sys_updated_by>admin</sys_updated_by><sys_updated_on>2025-09-02 15:20:54</sys_updated_on><timeline_page/><title>Students</title><uncancelable>false</uncancelable><view_name/><window_name/></sys_app_module></record_update>]]></payload>
        <payload_hash>-963118813</payload_hash>
        <record_name>Students</record_name>
        <reverted_from/>
        <source>2b951130dde222107f44f6dc15354ef3</source>
        <source_table>sys_update_set</source_table>
        <state>previous</state>
        <sys_created_by>admin</sys_created_by>
        <sys_created_on>2025-09-02 15:20:54</sys_created_on>
        <sys_id>9e298c7cd87f22107f4418c193b98b3c</sys_id>
        <sys_mod_count>0</sys_mod_count>
        <sys_recorded_at>1990b0449570000001</sys_recorded_at>
        <sys_updated_by>admin</sys_updated_by>
        <sys_updated_on>2025-09-02 15:20:54</sys_updated_on>
        <type>Module</type>
        <update_guid>82298c7c927f2210a88656ac7d8efb3c</update_guid>
        <update_guid_history>82298c7c927f2210a88656ac7d8efb3c:-963118813</update_guid_history>
    </sys_update_version>
    <sys_metadata_delete action="INSERT_OR_UPDATE">
        <sys_audit_delete display_value="Students">0872e0fcd8ff22107f4418c193b98b38</sys_audit_delete>
        <sys_class_name>sys_metadata_delete</sys_class_name>
        <sys_created_by>admin</sys_created_by>
        <sys_created_on>2025-09-02 17:11:21</sys_created_on>
        <sys_db_object display_value="" name="sys_app_module">sys_app_module</sys_db_object>
        <sys_id>255d2c6f182c4339b06f26e67141b1a9</sys_id>
        <sys_metadata>8e298c7cd87f22107f4418c193b98b39</sys_metadata>
        <sys_mod_count>0</sys_mod_count>
        <sys_name>Students</sys_name>
        <sys_package display_value="Student finance management" source="1b66be1674a722107f4433b6ca9e6b46">1b66be1674a722107f4433b6ca9e6b46</sys_package>
        <sys_parent/>
        <sys_policy/>
        <sys_scope display_value="Student finance management">1b66be1674a722107f4433b6ca9e6b46</sys_scope>
        <sys_scope_delete display_value="">021be04b21d042f480da36b0846026c4</sys_scope_delete>
        <sys_update_name>sys_app_module_8e298c7cd87f22107f4418c193b98b39</sys_update_name>
        <sys_update_version display_value="sys_app_module_8e298c7cd87f22107f4418c193b98b39">9e298c7cd87f22107f4418c193b98b3c</sys_update_version>
        <sys_updated_by>admin</sys_updated_by>
        <sys_updated_on>2025-09-02 17:11:21</sys_updated_on>
    </sys_metadata_delete>
</record_update>
