<?xml version="1.0" encoding="UTF-8"?><record_update table="sys_transform_entry">
    <sys_transform_entry action="DELETE">
        <choice_action>create</choice_action>
        <coalesce>false</coalesce>
        <coalesce_case_sensitive>false</coalesce_case_sensitive>
        <coalesce_empty_fields>false</coalesce_empty_fields>
        <date_format>yyyy-MM-dd HH:mm:ss</date_format>
        <map display_value="u_imp_tmpl_u_student">f580e2e4d83722107f4418c193b98b77</map>
        <reference_value_field/>
        <source_field>u_name</source_field>
        <source_script><![CDATA[answer = (function transformEntry(source) {

	// Add your code here
	return ""; // return the value to be put into the target field

})(source);]]></source_script>
        <source_table>u_imp_tmpl_u_student</source_table>
        <sys_class_name>sys_transform_entry</sys_class_name>
        <sys_created_by>admin</sys_created_by>
        <sys_created_on>2025-09-02 07:43:45</sys_created_on>
        <sys_id>f580e2e4d83722107f4418c193b98b7b</sys_id>
        <sys_mod_count>0</sys_mod_count>
        <sys_name>u_name</sys_name>
        <sys_package display_value="Student finance management" source="1b66be1674a722107f4433b6ca9e6b46">1b66be1674a722107f4433b6ca9e6b46</sys_package>
        <sys_policy/>
        <sys_scope display_value="Student finance management">1b66be1674a722107f4433b6ca9e6b46</sys_scope>
        <sys_update_name>sys_transform_entry_f580e2e4d83722107f4418c193b98b7b</sys_update_name>
        <sys_updated_by>admin</sys_updated_by>
        <sys_updated_on>2025-09-02 07:43:45</sys_updated_on>
        <target_field>u_string_2</target_field>
        <target_table>u_student</target_table>
        <use_source_script>false</use_source_script>
    </sys_transform_entry>
    <sys_update_version action="INSERT_OR_UPDATE">
        <action>DELETE</action>
        <application display_value="Student finance management">1b66be1674a722107f4433b6ca9e6b46</application>
        <file_path/>
        <instance_id>3aa94151979f66905382ff671153af42</instance_id>
        <instance_name>mav-aug-7844-0036</instance_name>
        <name>sys_transform_entry_f580e2e4d83722107f4418c193b98b7b</name>
        <payload>&lt;?xml version="1.0" encoding="UTF-8"?&gt;&lt;record_update table="sys_transform_entry"&gt;&lt;sys_transform_entry action="INSERT_OR_UPDATE"&gt;&lt;choice_action&gt;create&lt;/choice_action&gt;&lt;coalesce&gt;false&lt;/coalesce&gt;&lt;coalesce_case_sensitive&gt;false&lt;/coalesce_case_sensitive&gt;&lt;coalesce_empty_fields&gt;false&lt;/coalesce_empty_fields&gt;&lt;date_format&gt;yyyy-MM-dd HH:mm:ss&lt;/date_format&gt;&lt;map display_value="u_imp_tmpl_u_student"&gt;f580e2e4d83722107f4418c193b98b77&lt;/map&gt;&lt;reference_value_field/&gt;&lt;source_field&gt;u_name&lt;/source_field&gt;&lt;source_script&gt;&lt;![CDATA[answer = (function transformEntry(source) {

	// Add your code here
	return ""; // return the value to be put into the target field

})(source);]]&gt;&lt;/source_script&gt;&lt;source_table&gt;u_imp_tmpl_u_student&lt;/source_table&gt;&lt;sys_class_name&gt;sys_transform_entry&lt;/sys_class_name&gt;&lt;sys_created_by&gt;admin&lt;/sys_created_by&gt;&lt;sys_created_on&gt;2025-09-02 07:43:45&lt;/sys_created_on&gt;&lt;sys_id&gt;f580e2e4d83722107f4418c193b98b7b&lt;/sys_id&gt;&lt;sys_mod_count&gt;0&lt;/sys_mod_count&gt;&lt;sys_name&gt;u_name&lt;/sys_name&gt;&lt;sys_package display_value="Student finance management" source="1b66be1674a722107f4433b6ca9e6b46"&gt;1b66be1674a722107f4433b6ca9e6b46&lt;/sys_package&gt;&lt;sys_policy/&gt;&lt;sys_scope display_value="Student finance management"&gt;1b66be1674a722107f4433b6ca9e6b46&lt;/sys_scope&gt;&lt;sys_update_name&gt;sys_transform_entry_f580e2e4d83722107f4418c193b98b7b&lt;/sys_update_name&gt;&lt;sys_updated_by&gt;admin&lt;/sys_updated_by&gt;&lt;sys_updated_on&gt;2025-09-02 07:43:45&lt;/sys_updated_on&gt;&lt;target_field&gt;u_string_2&lt;/target_field&gt;&lt;target_table&gt;u_student&lt;/target_table&gt;&lt;use_source_script&gt;false&lt;/use_source_script&gt;&lt;/sys_transform_entry&gt;&lt;/record_update&gt;</payload>
        <payload_hash>-1555492753</payload_hash>
        <record_name>u_name</record_name>
        <reverted_from/>
        <source>2b951130dde222107f44f6dc15354ef3</source>
        <source_table>sys_update_set</source_table>
        <state>previous</state>
        <sys_created_by>admin</sys_created_by>
        <sys_created_on>2025-09-02 07:43:46</sys_created_on>
        <sys_id>b98066e4d83722107f4418c193b98b3e</sys_id>
        <sys_mod_count>0</sys_mod_count>
        <sys_recorded_at>1990961c3690000001</sys_recorded_at>
        <sys_updated_by>admin</sys_updated_by>
        <sys_updated_on>2025-09-02 07:43:46</sys_updated_on>
        <type>Field Map</type>
        <update_guid>7d8066e494372210acdee9e57e59243d</update_guid>
        <update_guid_history>7d8066e494372210acdee9e57e59243d:-1555492753</update_guid_history>
    </sys_update_version>
    <sys_metadata_delete action="INSERT_OR_UPDATE">
        <sys_audit_delete/>
        <sys_class_name>sys_metadata_delete</sys_class_name>
        <sys_created_by>admin</sys_created_by>
        <sys_created_on>2025-09-02 07:52:17</sys_created_on>
        <sys_db_object display_value="" name="sys_transform_entry">sys_transform_entry</sys_db_object>
        <sys_id>5d27f761f55644968f6d2d60942a4ed9</sys_id>
        <sys_metadata>f580e2e4d83722107f4418c193b98b7b</sys_metadata>
        <sys_mod_count>0</sys_mod_count>
        <sys_name>u_name</sys_name>
        <sys_package display_value="Student finance management" source="1b66be1674a722107f4433b6ca9e6b46">1b66be1674a722107f4433b6ca9e6b46</sys_package>
        <sys_parent/>
        <sys_policy/>
        <sys_scope display_value="Student finance management">1b66be1674a722107f4433b6ca9e6b46</sys_scope>
        <sys_scope_delete display_value="">021be04b21d042f480da36b0846026c4</sys_scope_delete>
        <sys_update_name>sys_transform_entry_f580e2e4d83722107f4418c193b98b7b</sys_update_name>
        <sys_update_version display_value="sys_transform_entry_f580e2e4d83722107f4418c193b98b7b">b98066e4d83722107f4418c193b98b3e</sys_update_version>
        <sys_updated_by>admin</sys_updated_by>
        <sys_updated_on>2025-09-02 07:52:17</sys_updated_on>
    </sys_metadata_delete>
</record_update>
