<?xml version="1.0" encoding="UTF-8"?><record_update table="sys_transform_map">
    <sys_transform_map action="DELETE">
        <active>true</active>
        <copy_empty_fields>false</copy_empty_fields>
        <create_new_record_on_empty_coalesce_fields>false</create_new_record_on_empty_coalesce_fields>
        <enforce_mandatory_fields>No</enforce_mandatory_fields>
        <name>u_imp_tmpl_u_student</name>
        <order>100</order>
        <run_business_rules>true</run_business_rules>
        <run_script>false</run_script>
        <script><![CDATA[(function transformRow(source, target, map, log, isUpdate) {

	// Add your code here

})(source, target, map, log, action==="update");]]></script>
        <source_table>u_imp_tmpl_u_student</source_table>
        <sys_class_name>sys_transform_map</sys_class_name>
        <sys_created_by>admin</sys_created_by>
        <sys_created_on>2025-09-02 07:43:45</sys_created_on>
        <sys_id>f580e2e4d83722107f4418c193b98b77</sys_id>
        <sys_mod_count>0</sys_mod_count>
        <sys_name>u_imp_tmpl_u_student</sys_name>
        <sys_package display_value="Student finance management" source="1b66be1674a722107f4433b6ca9e6b46">1b66be1674a722107f4433b6ca9e6b46</sys_package>
        <sys_policy/>
        <sys_scope display_value="Student finance management">1b66be1674a722107f4433b6ca9e6b46</sys_scope>
        <sys_update_name>sys_transform_map_f580e2e4d83722107f4418c193b98b77</sys_update_name>
        <sys_updated_by>admin</sys_updated_by>
        <sys_updated_on>2025-09-02 07:43:45</sys_updated_on>
        <target_table>u_student</target_table>
    </sys_transform_map>
    <sys_update_version action="INSERT_OR_UPDATE">
        <action>DELETE</action>
        <application display_value="Student finance management">1b66be1674a722107f4433b6ca9e6b46</application>
        <file_path/>
        <instance_id>3aa94151979f66905382ff671153af42</instance_id>
        <instance_name>mav-aug-7844-0036</instance_name>
        <name>sys_transform_map_f580e2e4d83722107f4418c193b98b77</name>
        <payload>&lt;?xml version="1.0" encoding="UTF-8"?&gt;&lt;record_update table="sys_transform_map"&gt;&lt;sys_transform_map action="INSERT_OR_UPDATE"&gt;&lt;active&gt;true&lt;/active&gt;&lt;copy_empty_fields&gt;false&lt;/copy_empty_fields&gt;&lt;create_new_record_on_empty_coalesce_fields&gt;false&lt;/create_new_record_on_empty_coalesce_fields&gt;&lt;enforce_mandatory_fields&gt;No&lt;/enforce_mandatory_fields&gt;&lt;name&gt;u_imp_tmpl_u_student&lt;/name&gt;&lt;order&gt;100&lt;/order&gt;&lt;run_business_rules&gt;true&lt;/run_business_rules&gt;&lt;run_script&gt;false&lt;/run_script&gt;&lt;script&gt;&lt;![CDATA[(function transformRow(source, target, map, log, isUpdate) {

	// Add your code here

})(source, target, map, log, action==="update");]]&gt;&lt;/script&gt;&lt;source_table&gt;u_imp_tmpl_u_student&lt;/source_table&gt;&lt;sys_class_name&gt;sys_transform_map&lt;/sys_class_name&gt;&lt;sys_created_by&gt;admin&lt;/sys_created_by&gt;&lt;sys_created_on&gt;2025-09-02 07:43:45&lt;/sys_created_on&gt;&lt;sys_id&gt;f580e2e4d83722107f4418c193b98b77&lt;/sys_id&gt;&lt;sys_mod_count&gt;0&lt;/sys_mod_count&gt;&lt;sys_name&gt;u_imp_tmpl_u_student&lt;/sys_name&gt;&lt;sys_package display_value="Student finance management" source="1b66be1674a722107f4433b6ca9e6b46"&gt;1b66be1674a722107f4433b6ca9e6b46&lt;/sys_package&gt;&lt;sys_policy/&gt;&lt;sys_scope display_value="Student finance management"&gt;1b66be1674a722107f4433b6ca9e6b46&lt;/sys_scope&gt;&lt;sys_update_name&gt;sys_transform_map_f580e2e4d83722107f4418c193b98b77&lt;/sys_update_name&gt;&lt;sys_updated_by&gt;admin&lt;/sys_updated_by&gt;&lt;sys_updated_on&gt;2025-09-02 07:43:45&lt;/sys_updated_on&gt;&lt;target_table&gt;u_student&lt;/target_table&gt;&lt;/sys_transform_map&gt;&lt;/record_update&gt;</payload>
        <payload_hash>681882739</payload_hash>
        <record_name>u_imp_tmpl_u_student</record_name>
        <reverted_from/>
        <source>2b951130dde222107f44f6dc15354ef3</source>
        <source_table>sys_update_set</source_table>
        <state>previous</state>
        <sys_created_by>admin</sys_created_by>
        <sys_created_on>2025-09-02 07:43:45</sys_created_on>
        <sys_id>bd80e2e4d83722107f4418c193b98b7a</sys_id>
        <sys_mod_count>0</sys_mod_count>
        <sys_recorded_at>1990961c32c0000001</sys_recorded_at>
        <sys_updated_by>admin</sys_updated_by>
        <sys_updated_on>2025-09-02 07:43:45</sys_updated_on>
        <type>Table Transform Map</type>
        <update_guid>7180e2e4a837221058af245b60984d7a</update_guid>
        <update_guid_history>7180e2e4a837221058af245b60984d7a:681882739</update_guid_history>
    </sys_update_version>
    <sys_metadata_delete action="INSERT_OR_UPDATE">
        <sys_audit_delete/>
        <sys_class_name>sys_metadata_delete</sys_class_name>
        <sys_created_by>admin</sys_created_by>
        <sys_created_on>2025-09-02 07:52:17</sys_created_on>
        <sys_db_object display_value="" name="sys_transform_map">sys_transform_map</sys_db_object>
        <sys_id>4f28c924d08d4aeaad442ee94c18c084</sys_id>
        <sys_metadata>f580e2e4d83722107f4418c193b98b77</sys_metadata>
        <sys_mod_count>0</sys_mod_count>
        <sys_name>u_imp_tmpl_u_student</sys_name>
        <sys_package display_value="Student finance management" source="1b66be1674a722107f4433b6ca9e6b46">1b66be1674a722107f4433b6ca9e6b46</sys_package>
        <sys_parent/>
        <sys_policy/>
        <sys_scope display_value="Student finance management">1b66be1674a722107f4433b6ca9e6b46</sys_scope>
        <sys_scope_delete display_value="">021be04b21d042f480da36b0846026c4</sys_scope_delete>
        <sys_update_name>sys_transform_map_f580e2e4d83722107f4418c193b98b77</sys_update_name>
        <sys_update_version display_value="sys_transform_map_f580e2e4d83722107f4418c193b98b77">bd80e2e4d83722107f4418c193b98b7a</sys_update_version>
        <sys_updated_by>admin</sys_updated_by>
        <sys_updated_on>2025-09-02 07:52:17</sys_updated_on>
    </sys_metadata_delete>
</record_update>
