<?xml version="1.0" encoding="UTF-8"?><record_update>
    <sys_choice action="INSERT_OR_UPDATE" field="u_choice_5" table="u_budgets" version="3">
        <sys_choice_set action="INSERT_OR_UPDATE">
            <element>u_choice_5</element>
            <name>u_budgets</name>
            <sys_class_name>sys_choice_set</sys_class_name>
            <sys_created_by>admin</sys_created_by>
            <sys_created_on>2025-09-02 16:04:06</sys_created_on>
            <sys_mod_count>0</sys_mod_count>
            <sys_name>u_choice_5</sys_name>
            <sys_package display_value="Student finance management" source="1b66be1674a722107f4433b6ca9e6b46">1b66be1674a722107f4433b6ca9e6b46</sys_package>
            <sys_policy/>
            <sys_scope display_value="Student finance management">1b66be1674a722107f4433b6ca9e6b46</sys_scope>
            <sys_update_name>sys_choice_u_budgets_u_choice_5</sys_update_name>
            <sys_updated_by>admin</sys_updated_by>
            <sys_updated_on>2025-09-02 16:04:06</sys_updated_on>
        </sys_choice_set>
        <sys_choice action="INSERT_OR_UPDATE">
            <dependent_value/>
            <element>u_choice_5</element>
            <hint/>
            <inactive>false</inactive>
            <label>Rent</label>
            <language>en</language>
            <name>u_budgets</name>
            <sequence>0</sequence>
            <synonyms/>
            <sys_created_by>admin</sys_created_by>
            <sys_created_on>2025-09-02 16:04:06</sys_created_on>
            <sys_domain>global</sys_domain>
            <sys_domain_path>/</sys_domain_path>
            <sys_mod_count>0</sys_mod_count>
            <sys_updated_by>admin</sys_updated_by>
            <sys_updated_on>2025-09-02 16:04:06</sys_updated_on>
            <value>rent</value>
        </sys_choice>
        <sys_choice action="INSERT_OR_UPDATE">
            <dependent_value/>
            <element>u_choice_5</element>
            <hint/>
            <inactive>false</inactive>
            <label>Food</label>
            <language>en</language>
            <name>u_budgets</name>
            <sequence>1</sequence>
            <synonyms/>
            <sys_created_by>admin</sys_created_by>
            <sys_created_on>2025-09-02 16:04:06</sys_created_on>
            <sys_domain>global</sys_domain>
            <sys_domain_path>/</sys_domain_path>
            <sys_mod_count>0</sys_mod_count>
            <sys_updated_by>admin</sys_updated_by>
            <sys_updated_on>2025-09-02 16:04:06</sys_updated_on>
            <value>food</value>
        </sys_choice>
        <sys_choice action="INSERT_OR_UPDATE">
            <dependent_value/>
            <element>u_choice_5</element>
            <hint/>
            <inactive>false</inactive>
            <label>Shelter</label>
            <language>en</language>
            <name>u_budgets</name>
            <sequence>2</sequence>
            <synonyms/>
            <sys_created_by>admin</sys_created_by>
            <sys_created_on>2025-09-02 16:04:06</sys_created_on>
            <sys_domain>global</sys_domain>
            <sys_domain_path>/</sys_domain_path>
            <sys_mod_count>0</sys_mod_count>
            <sys_updated_by>admin</sys_updated_by>
            <sys_updated_on>2025-09-02 16:04:06</sys_updated_on>
            <value>shelter</value>
        </sys_choice>
        <sys_choice action="INSERT_OR_UPDATE">
            <dependent_value/>
            <element>u_choice_5</element>
            <hint/>
            <inactive>false</inactive>
            <label>Internet</label>
            <language>en</language>
            <name>u_budgets</name>
            <sequence>3</sequence>
            <synonyms/>
            <sys_created_by>admin</sys_created_by>
            <sys_created_on>2025-09-02 16:04:06</sys_created_on>
            <sys_domain>global</sys_domain>
            <sys_domain_path>/</sys_domain_path>
            <sys_mod_count>0</sys_mod_count>
            <sys_updated_by>admin</sys_updated_by>
            <sys_updated_on>2025-09-02 16:04:06</sys_updated_on>
            <value>internet</value>
        </sys_choice>
    </sys_choice>
</record_update>
