<?xml version="1.0" encoding="UTF-8"?><record_update table="sys_security_acl">
    <sys_security_acl action="DELETE">
        <active>true</active>
        <admin_overrides>true</admin_overrides>
        <advanced>false</advanced>
        <applies_to/>
        <condition/>
        <controlled_by_refs/>
        <decision_type>allow</decision_type>
        <description>Default access control on u_student</description>
        <local_or_existing>Local</local_or_existing>
        <name>u_student</name>
        <operation display_value="delete">delete</operation>
        <script/>
        <security_attribute/>
        <sys_class_name>sys_security_acl</sys_class_name>
        <sys_created_by>admin</sys_created_by>
        <sys_created_on>2025-08-28 06:06:24</sys_created_on>
        <sys_id>874a1443316322107f44b6584209a588</sys_id>
        <sys_mod_count>0</sys_mod_count>
        <sys_name>u_student</sys_name>
        <sys_package display_value="Student finance management" source="1b66be1674a722107f4433b6ca9e6b46">1b66be1674a722107f4433b6ca9e6b46</sys_package>
        <sys_policy/>
        <sys_scope display_value="Student finance management">1b66be1674a722107f4433b6ca9e6b46</sys_scope>
        <sys_update_name>sys_security_acl_874a1443316322107f44b6584209a588</sys_update_name>
        <sys_updated_by>admin</sys_updated_by>
        <sys_updated_on>2025-08-28 06:06:24</sys_updated_on>
        <type display_value="record">record</type>
    </sys_security_acl>
    <sys_update_version action="INSERT_OR_UPDATE">
        <action>DELETE</action>
        <application display_value="Student finance management">1b66be1674a722107f4433b6ca9e6b46</application>
        <file_path/>
        <instance_id>3aa94151979f66905382ff671153af42</instance_id>
        <instance_name>mav-aug-7844-0036</instance_name>
        <name>sys_security_acl_874a1443316322107f44b6584209a588</name>
        <payload><![CDATA[<?xml version="1.0" encoding="UTF-8"?><record_update table="sys_security_acl"><sys_security_acl action="INSERT_OR_UPDATE"><active>true</active><admin_overrides>true</admin_overrides><advanced>false</advanced><applies_to/><condition/><controlled_by_refs/><decision_type>allow</decision_type><description>Default access control on u_student</description><local_or_existing>Local</local_or_existing><name>u_student</name><operation display_value="delete">delete</operation><script/><security_attribute/><sys_class_name>sys_security_acl</sys_class_name><sys_created_by>admin</sys_created_by><sys_created_on>2025-08-28 06:06:24</sys_created_on><sys_id>874a1443316322107f44b6584209a588</sys_id><sys_mod_count>0</sys_mod_count><sys_name>u_student</sys_name><sys_package display_value="Student finance management" source="1b66be1674a722107f4433b6ca9e6b46">1b66be1674a722107f4433b6ca9e6b46</sys_package><sys_policy/><sys_scope display_value="Student finance management">1b66be1674a722107f4433b6ca9e6b46</sys_scope><sys_update_name>sys_security_acl_874a1443316322107f44b6584209a588</sys_update_name><sys_updated_by>admin</sys_updated_by><sys_updated_on>2025-08-28 06:06:24</sys_updated_on><type display_value="record">record</type></sys_security_acl></record_update>]]></payload>
        <payload_hash>-1966190936</payload_hash>
        <record_name>u_student</record_name>
        <reverted_from/>
        <source>2b951130dde222107f44f6dc15354ef3</source>
        <source_table>sys_update_set</source_table>
        <state>previous</state>
        <sys_created_by>admin</sys_created_by>
        <sys_created_on>2025-08-28 06:06:24</sys_created_on>
        <sys_id>8b4a1443316322107f44b6584209a597</sys_id>
        <sys_mod_count>0</sys_mod_count>
        <sys_recorded_at>198ef48d5bb0000001</sys_recorded_at>
        <sys_updated_by>admin</sys_updated_by>
        <sys_updated_on>2025-08-28 06:06:24</sys_updated_on>
        <type>Access Control</type>
        <update_guid>8f4a144380632210841bc2f5ca723296</update_guid>
        <update_guid_history>8f4a144380632210841bc2f5ca723296:-1966190936</update_guid_history>
    </sys_update_version>
    <sys_metadata_delete action="INSERT_OR_UPDATE">
        <sys_audit_delete/>
        <sys_class_name>sys_metadata_delete</sys_class_name>
        <sys_created_by>admin</sys_created_by>
        <sys_created_on>2025-09-02 15:12:29</sys_created_on>
        <sys_db_object display_value="" name="sys_security_acl">sys_security_acl</sys_db_object>
        <sys_id>61171e8f22214fd28ff1bc0f3d193aa4</sys_id>
        <sys_metadata>874a1443316322107f44b6584209a588</sys_metadata>
        <sys_mod_count>0</sys_mod_count>
        <sys_name>u_student</sys_name>
        <sys_package display_value="Student finance management" source="1b66be1674a722107f4433b6ca9e6b46">1b66be1674a722107f4433b6ca9e6b46</sys_package>
        <sys_parent display_value="">4b4a1443316322107f44b6584209a59b</sys_parent>
        <sys_policy/>
        <sys_scope display_value="Student finance management">1b66be1674a722107f4433b6ca9e6b46</sys_scope>
        <sys_scope_delete display_value="">021be04b21d042f480da36b0846026c4</sys_scope_delete>
        <sys_update_name>sys_security_acl_874a1443316322107f44b6584209a588</sys_update_name>
        <sys_update_version display_value="sys_security_acl_874a1443316322107f44b6584209a588">8b4a1443316322107f44b6584209a597</sys_update_version>
        <sys_updated_by>admin</sys_updated_by>
        <sys_updated_on>2025-09-02 15:12:29</sys_updated_on>
    </sys_metadata_delete>
</record_update>
