<?xml version="1.0" encoding="UTF-8"?><record_update table="sys_security_acl_role">
    <sys_security_acl_role action="DELETE">
        <sys_class_name>sys_security_acl_role</sys_class_name>
        <sys_created_by>admin</sys_created_by>
        <sys_created_on>2025-09-02 15:37:36</sys_created_on>
        <sys_id>befc04f0d8bf22107f4418c193b98b00</sys_id>
        <sys_mod_count>0</sys_mod_count>
        <sys_name>u_budget.u_budget_user</sys_name>
        <sys_package display_value="Student finance management" source="1b66be1674a722107f4433b6ca9e6b46">1b66be1674a722107f4433b6ca9e6b46</sys_package>
        <sys_policy/>
        <sys_scope display_value="Student finance management">1b66be1674a722107f4433b6ca9e6b46</sys_scope>
        <sys_security_acl display_value="u_budget">f6fcc0f0d8bf22107f4418c193b98bfc</sys_security_acl>
        <sys_update_name>sys_security_acl_role_befc04f0d8bf22107f4418c193b98b00</sys_update_name>
        <sys_updated_by>admin</sys_updated_by>
        <sys_updated_on>2025-09-02 15:37:36</sys_updated_on>
        <sys_user_role display_value="u_budget_user" name="u_budget_user">23fdec0b31a322107f44b6584209a558</sys_user_role>
    </sys_security_acl_role>
    <sys_update_version action="INSERT_OR_UPDATE">
        <action>DELETE</action>
        <application display_value="Student finance management">1b66be1674a722107f4433b6ca9e6b46</application>
        <file_path/>
        <instance_id>3aa94151979f66905382ff671153af42</instance_id>
        <instance_name>mav-aug-7844-0036</instance_name>
        <name>sys_security_acl_role_befc04f0d8bf22107f4418c193b98b00</name>
        <payload><![CDATA[<?xml version="1.0" encoding="UTF-8"?><record_update table="sys_security_acl_role"><sys_security_acl_role action="INSERT_OR_UPDATE"><sys_class_name>sys_security_acl_role</sys_class_name><sys_created_by>admin</sys_created_by><sys_created_on>2025-09-02 15:37:36</sys_created_on><sys_id>befc04f0d8bf22107f4418c193b98b00</sys_id><sys_mod_count>0</sys_mod_count><sys_name>u_budget.u_budget_user</sys_name><sys_package display_value="Student finance management" source="1b66be1674a722107f4433b6ca9e6b46">1b66be1674a722107f4433b6ca9e6b46</sys_package><sys_policy/><sys_scope display_value="Student finance management">1b66be1674a722107f4433b6ca9e6b46</sys_scope><sys_security_acl display_value="u_budget">f6fcc0f0d8bf22107f4418c193b98bfc</sys_security_acl><sys_update_name>sys_security_acl_role_befc04f0d8bf22107f4418c193b98b00</sys_update_name><sys_updated_by>admin</sys_updated_by><sys_updated_on>2025-09-02 15:37:36</sys_updated_on><sys_user_role display_value="u_budget_user" name="u_budget_user">23fdec0b31a322107f44b6584209a558</sys_user_role></sys_security_acl_role></record_update>]]></payload>
        <payload_hash>-712697901</payload_hash>
        <record_name>u_budget.u_budget_user</record_name>
        <reverted_from/>
        <source>2b951130dde222107f44f6dc15354ef3</source>
        <source_table>sys_update_set</source_table>
        <state>previous</state>
        <sys_created_by>admin</sys_created_by>
        <sys_created_on>2025-09-02 15:37:36</sys_created_on>
        <sys_id>36fc04f0d8bf22107f4418c193b98b04</sys_id>
        <sys_mod_count>0</sys_mod_count>
        <sys_recorded_at>1990b1393d30000001</sys_recorded_at>
        <sys_updated_by>admin</sys_updated_by>
        <sys_updated_on>2025-09-02 15:37:36</sys_updated_on>
        <type>Access Roles</type>
        <update_guid>3afc04f08abf2210c323511cac269f03</update_guid>
        <update_guid_history>3afc04f08abf2210c323511cac269f03:-712697901</update_guid_history>
    </sys_update_version>
    <sys_metadata_delete action="INSERT_OR_UPDATE">
        <sys_audit_delete display_value="u_budget.u_budget_user">03719878d8bf22107f4418c193b98b76</sys_audit_delete>
        <sys_class_name>sys_metadata_delete</sys_class_name>
        <sys_created_by>admin</sys_created_by>
        <sys_created_on>2025-09-02 15:57:17</sys_created_on>
        <sys_db_object display_value="" name="sys_security_acl_role">sys_security_acl_role</sys_db_object>
        <sys_id>8d5f2e4780384e7aa4f2604b20e29fc4</sys_id>
        <sys_metadata>befc04f0d8bf22107f4418c193b98b00</sys_metadata>
        <sys_mod_count>0</sys_mod_count>
        <sys_name>u_budget.u_budget_user</sys_name>
        <sys_package display_value="Student finance management" source="1b66be1674a722107f4433b6ca9e6b46">1b66be1674a722107f4433b6ca9e6b46</sys_package>
        <sys_parent display_value="">f6fcc0f0d8bf22107f4418c193b98bfc</sys_parent>
        <sys_policy/>
        <sys_scope display_value="Student finance management">1b66be1674a722107f4433b6ca9e6b46</sys_scope>
        <sys_scope_delete display_value="">021be04b21d042f480da36b0846026c4</sys_scope_delete>
        <sys_update_name>sys_security_acl_role_befc04f0d8bf22107f4418c193b98b00</sys_update_name>
        <sys_update_version display_value="sys_security_acl_role_befc04f0d8bf22107f4418c193b98b00">36fc04f0d8bf22107f4418c193b98b04</sys_update_version>
        <sys_updated_by>admin</sys_updated_by>
        <sys_updated_on>2025-09-02 15:57:17</sys_updated_on>
    </sys_metadata_delete>
</record_update>
