<?xml version="1.0" encoding="UTF-8"?><record_update table="sys_security_acl">
    <sys_security_acl action="DELETE">
        <active>true</active>
        <admin_overrides>true</admin_overrides>
        <advanced>false</advanced>
        <applies_to/>
        <condition/>
        <controlled_by_refs/>
        <decision_type>allow</decision_type>
        <description>Default access control on u_student</description>
        <local_or_existing>Local</local_or_existing>
        <name>u_student</name>
        <operation display_value="create">create</operation>
        <script/>
        <security_attribute/>
        <sys_class_name>sys_security_acl</sys_class_name>
        <sys_created_by>admin</sys_created_by>
        <sys_created_on>2025-09-02 15:20:54</sys_created_on>
        <sys_id>da298c7cd87f22107f4418c193b98b40</sys_id>
        <sys_mod_count>0</sys_mod_count>
        <sys_name>u_student</sys_name>
        <sys_package display_value="Student finance management" source="1b66be1674a722107f4433b6ca9e6b46">1b66be1674a722107f4433b6ca9e6b46</sys_package>
        <sys_policy/>
        <sys_scope display_value="Student finance management">1b66be1674a722107f4433b6ca9e6b46</sys_scope>
        <sys_update_name>sys_security_acl_da298c7cd87f22107f4418c193b98b40</sys_update_name>
        <sys_updated_by>admin</sys_updated_by>
        <sys_updated_on>2025-09-02 15:20:54</sys_updated_on>
        <type display_value="record">record</type>
    </sys_security_acl>
    <sys_update_version action="INSERT_OR_UPDATE">
        <action>DELETE</action>
        <application display_value="Student finance management">1b66be1674a722107f4433b6ca9e6b46</application>
        <file_path/>
        <instance_id>3aa94151979f66905382ff671153af42</instance_id>
        <instance_name>mav-aug-7844-0036</instance_name>
        <name>sys_security_acl_da298c7cd87f22107f4418c193b98b40</name>
        <payload><![CDATA[<?xml version="1.0" encoding="UTF-8"?><record_update table="sys_security_acl"><sys_security_acl action="INSERT_OR_UPDATE"><active>true</active><admin_overrides>true</admin_overrides><advanced>false</advanced><applies_to/><condition/><controlled_by_refs/><decision_type>allow</decision_type><description>Default access control on u_student</description><local_or_existing>Local</local_or_existing><name>u_student</name><operation display_value="create">create</operation><script/><security_attribute/><sys_class_name>sys_security_acl</sys_class_name><sys_created_by>admin</sys_created_by><sys_created_on>2025-09-02 15:20:54</sys_created_on><sys_id>da298c7cd87f22107f4418c193b98b40</sys_id><sys_mod_count>0</sys_mod_count><sys_name>u_student</sys_name><sys_package display_value="Student finance management" source="1b66be1674a722107f4433b6ca9e6b46">1b66be1674a722107f4433b6ca9e6b46</sys_package><sys_policy/><sys_scope display_value="Student finance management">1b66be1674a722107f4433b6ca9e6b46</sys_scope><sys_update_name>sys_security_acl_da298c7cd87f22107f4418c193b98b40</sys_update_name><sys_updated_by>admin</sys_updated_by><sys_updated_on>2025-09-02 15:20:54</sys_updated_on><type display_value="record">record</type></sys_security_acl></record_update>]]></payload>
        <payload_hash>1333099078</payload_hash>
        <record_name>u_student</record_name>
        <reverted_from/>
        <source>2b951130dde222107f44f6dc15354ef3</source>
        <source_table>sys_update_set</source_table>
        <state>previous</state>
        <sys_created_by>admin</sys_created_by>
        <sys_created_on>2025-09-02 15:20:54</sys_created_on>
        <sys_id>5e298c7cd87f22107f4418c193b98b44</sys_id>
        <sys_mod_count>0</sys_mod_count>
        <sys_recorded_at>1990b044b190000001</sys_recorded_at>
        <sys_updated_by>admin</sys_updated_by>
        <sys_updated_on>2025-09-02 15:20:54</sys_updated_on>
        <type>Access Control</type>
        <update_guid>52298c7cea7f2210422440c690eb9444</update_guid>
        <update_guid_history>52298c7cea7f2210422440c690eb9444:1333099078</update_guid_history>
    </sys_update_version>
    <sys_metadata_delete action="INSERT_OR_UPDATE">
        <sys_audit_delete/>
        <sys_class_name>sys_metadata_delete</sys_class_name>
        <sys_created_by>admin</sys_created_by>
        <sys_created_on>2025-09-02 17:11:21</sys_created_on>
        <sys_db_object display_value="" name="sys_security_acl">sys_security_acl</sys_db_object>
        <sys_id>1b3ba16722dd4bff8735ad2054196c31</sys_id>
        <sys_metadata>da298c7cd87f22107f4418c193b98b40</sys_metadata>
        <sys_mod_count>0</sys_mod_count>
        <sys_name>u_student</sys_name>
        <sys_package display_value="Student finance management" source="1b66be1674a722107f4433b6ca9e6b46">1b66be1674a722107f4433b6ca9e6b46</sys_package>
        <sys_parent display_value="">9e298c7cd87f22107f4418c193b98b90</sys_parent>
        <sys_policy/>
        <sys_scope display_value="Student finance management">1b66be1674a722107f4433b6ca9e6b46</sys_scope>
        <sys_scope_delete display_value="">021be04b21d042f480da36b0846026c4</sys_scope_delete>
        <sys_update_name>sys_security_acl_da298c7cd87f22107f4418c193b98b40</sys_update_name>
        <sys_update_version display_value="sys_security_acl_da298c7cd87f22107f4418c193b98b40">5e298c7cd87f22107f4418c193b98b44</sys_update_version>
        <sys_updated_by>admin</sys_updated_by>
        <sys_updated_on>2025-09-02 17:11:21</sys_updated_on>
    </sys_metadata_delete>
</record_update>
