<?xml version="1.0" encoding="UTF-8"?><record_update sys_domain="global" table="sys_ui_module">
    <sys_ui_module action="DELETE">
        <active>true</active>
        <application display_value="Budget">840ee08b31a322107f44b6584209a5ff</application>
        <filter/>
        <name>Budgets</name>
        <order/>
        <path/>
        <path_relative_to_root>false</path_relative_to_root>
        <roles>u_budget_user</roles>
        <sys_class_name>sys_ui_module</sys_class_name>
        <sys_created_by>admin</sys_created_by>
        <sys_created_on>2025-08-28 07:32:29</sys_created_on>
        <sys_domain>global</sys_domain>
        <sys_domain_path>/</sys_domain_path>
        <sys_id>c80e248b31a322107f44b6584209a501</sys_id>
        <sys_mod_count>0</sys_mod_count>
        <sys_name>Budgets</sys_name>
        <sys_package display_value="Student finance management" source="1b66be1674a722107f4433b6ca9e6b46">1b66be1674a722107f4433b6ca9e6b46</sys_package>
        <sys_policy/>
        <sys_scope display_value="Student finance management">1b66be1674a722107f4433b6ca9e6b46</sys_scope>
        <sys_update_name>sys_ui_module_c80e248b31a322107f44b6584209a501</sys_update_name>
        <sys_updated_by>admin</sys_updated_by>
        <sys_updated_on>2025-08-28 07:32:29</sys_updated_on>
        <table>u_budget</table>
        <uncancelable>false</uncancelable>
        <view_name/>
    </sys_ui_module>
    <sys_update_version action="INSERT_OR_UPDATE">
        <action>DELETE</action>
        <application display_value="Student finance management">1b66be1674a722107f4433b6ca9e6b46</application>
        <file_path/>
        <instance_id>3aa94151979f66905382ff671153af42</instance_id>
        <instance_name>mav-aug-7844-0036</instance_name>
        <name>sys_ui_module_c80e248b31a322107f44b6584209a501</name>
        <payload><![CDATA[<?xml version="1.0" encoding="UTF-8"?><record_update sys_domain="global" table="sys_ui_module"><sys_ui_module action="INSERT_OR_UPDATE"><active>true</active><application display_value="Budget">840ee08b31a322107f44b6584209a5ff</application><filter/><name>Budgets</name><order/><path/><path_relative_to_root>false</path_relative_to_root><roles>u_budget_user</roles><sys_class_name>sys_ui_module</sys_class_name><sys_created_by>admin</sys_created_by><sys_created_on>2025-08-28 07:32:29</sys_created_on><sys_domain>global</sys_domain><sys_domain_path>/</sys_domain_path><sys_id>c80e248b31a322107f44b6584209a501</sys_id><sys_mod_count>0</sys_mod_count><sys_name>Budgets</sys_name><sys_package display_value="Student finance management" source="1b66be1674a722107f4433b6ca9e6b46">1b66be1674a722107f4433b6ca9e6b46</sys_package><sys_policy/><sys_scope display_value="Student finance management">1b66be1674a722107f4433b6ca9e6b46</sys_scope><sys_update_name>sys_ui_module_c80e248b31a322107f44b6584209a501</sys_update_name><sys_updated_by>admin</sys_updated_by><sys_updated_on>2025-08-28 07:32:29</sys_updated_on><table>u_budget</table><uncancelable>false</uncancelable><view_name/></sys_ui_module></record_update>]]></payload>
        <payload_hash>-1510414970</payload_hash>
        <record_name>Budgets</record_name>
        <reverted_from/>
        <source>2b951130dde222107f44f6dc15354ef3</source>
        <source_table>sys_update_set</source_table>
        <state>previous</state>
        <sys_created_by>admin</sys_created_by>
        <sys_created_on>2025-08-28 07:32:29</sys_created_on>
        <sys_id>c80e248b31a322107f44b6584209a503</sys_id>
        <sys_mod_count>0</sys_mod_count>
        <sys_recorded_at>198ef97a51c0000001</sys_recorded_at>
        <sys_updated_by>admin</sys_updated_by>
        <sys_updated_on>2025-08-28 07:32:29</sys_updated_on>
        <type>Module</type>
        <update_guid>cc0e248bf1a3221004fe5fb1b3c81a02</update_guid>
        <update_guid_history>cc0e248bf1a3221004fe5fb1b3c81a02:-1510414970</update_guid_history>
    </sys_update_version>
    <sys_metadata_delete action="INSERT_OR_UPDATE">
        <sys_audit_delete/>
        <sys_class_name>sys_metadata_delete</sys_class_name>
        <sys_created_by>admin</sys_created_by>
        <sys_created_on>2025-09-02 15:34:01</sys_created_on>
        <sys_db_object display_value="" name="sys_ui_module">sys_ui_module</sys_db_object>
        <sys_id>71cb5dd128cc45ef8b272b2ba49cecf9</sys_id>
        <sys_metadata>c80e248b31a322107f44b6584209a501</sys_metadata>
        <sys_mod_count>0</sys_mod_count>
        <sys_name>Budgets</sys_name>
        <sys_package display_value="Student finance management" source="1b66be1674a722107f4433b6ca9e6b46">1b66be1674a722107f4433b6ca9e6b46</sys_package>
        <sys_parent/>
        <sys_policy/>
        <sys_scope display_value="Student finance management">1b66be1674a722107f4433b6ca9e6b46</sys_scope>
        <sys_scope_delete display_value="">021be04b21d042f480da36b0846026c4</sys_scope_delete>
        <sys_update_name>sys_ui_module_c80e248b31a322107f44b6584209a501</sys_update_name>
        <sys_update_version display_value="sys_ui_module_c80e248b31a322107f44b6584209a501">c80e248b31a322107f44b6584209a503</sys_update_version>
        <sys_updated_by>admin</sys_updated_by>
        <sys_updated_on>2025-09-02 15:34:01</sys_updated_on>
    </sys_metadata_delete>
</record_update>
