<?xml version="1.0" encoding="UTF-8"?><record_update>
    <sys_choice action="INSERT_OR_UPDATE" field="u_string_1" table="u_expense" version="3">
        <sys_choice_set action="INSERT_OR_UPDATE">
            <element>u_string_1</element>
            <name>u_expense</name>
            <sys_class_name>sys_choice_set</sys_class_name>
            <sys_created_by>admin</sys_created_by>
            <sys_created_on>2025-09-05 08:42:58</sys_created_on>
            <sys_mod_count>0</sys_mod_count>
            <sys_name>u_string_1</sys_name>
            <sys_package display_value="Student finance management" source="1b66be1674a722107f4433b6ca9e6b46">1b66be1674a722107f4433b6ca9e6b46</sys_package>
            <sys_policy/>
            <sys_scope display_value="Student finance management">1b66be1674a722107f4433b6ca9e6b46</sys_scope>
            <sys_update_name>sys_choice_u_expense_u_string_1</sys_update_name>
            <sys_updated_by>admin</sys_updated_by>
            <sys_updated_on>2025-09-05 08:42:58</sys_updated_on>
        </sys_choice_set>
        <sys_choice action="INSERT_OR_UPDATE">
            <dependent_value/>
            <element>u_string_1</element>
            <hint/>
            <inactive>false</inactive>
            <label>January</label>
            <language>en</language>
            <name>u_expense</name>
            <sequence>0</sequence>
            <synonyms/>
            <sys_created_by>admin</sys_created_by>
            <sys_created_on>2025-09-05 08:42:58</sys_created_on>
            <sys_domain>global</sys_domain>
            <sys_domain_path>/</sys_domain_path>
            <sys_mod_count>0</sys_mod_count>
            <sys_updated_by>admin</sys_updated_by>
            <sys_updated_on>2025-09-05 08:42:58</sys_updated_on>
            <value>january</value>
        </sys_choice>
        <sys_choice action="INSERT_OR_UPDATE">
            <dependent_value/>
            <element>u_string_1</element>
            <hint/>
            <inactive>false</inactive>
            <label>February</label>
            <language>en</language>
            <name>u_expense</name>
            <sequence>1</sequence>
            <synonyms/>
            <sys_created_by>admin</sys_created_by>
            <sys_created_on>2025-09-05 08:42:58</sys_created_on>
            <sys_domain>global</sys_domain>
            <sys_domain_path>/</sys_domain_path>
            <sys_mod_count>0</sys_mod_count>
            <sys_updated_by>admin</sys_updated_by>
            <sys_updated_on>2025-09-05 08:42:58</sys_updated_on>
            <value>february</value>
        </sys_choice>
        <sys_choice action="INSERT_OR_UPDATE">
            <dependent_value/>
            <element>u_string_1</element>
            <hint/>
            <inactive>false</inactive>
            <label>March</label>
            <language>en</language>
            <name>u_expense</name>
            <sequence>2</sequence>
            <synonyms/>
            <sys_created_by>admin</sys_created_by>
            <sys_created_on>2025-09-05 08:42:58</sys_created_on>
            <sys_domain>global</sys_domain>
            <sys_domain_path>/</sys_domain_path>
            <sys_mod_count>0</sys_mod_count>
            <sys_updated_by>admin</sys_updated_by>
            <sys_updated_on>2025-09-05 08:42:58</sys_updated_on>
            <value>march</value>
        </sys_choice>
        <sys_choice action="INSERT_OR_UPDATE">
            <dependent_value/>
            <element>u_string_1</element>
            <hint/>
            <inactive>false</inactive>
            <label>April</label>
            <language>en</language>
            <name>u_expense</name>
            <sequence>3</sequence>
            <synonyms/>
            <sys_created_by>admin</sys_created_by>
            <sys_created_on>2025-09-05 08:42:58</sys_created_on>
            <sys_domain>global</sys_domain>
            <sys_domain_path>/</sys_domain_path>
            <sys_mod_count>0</sys_mod_count>
            <sys_updated_by>admin</sys_updated_by>
            <sys_updated_on>2025-09-05 08:42:58</sys_updated_on>
            <value>april</value>
        </sys_choice>
        <sys_choice action="INSERT_OR_UPDATE">
            <dependent_value/>
            <element>u_string_1</element>
            <hint/>
            <inactive>false</inactive>
            <label>May</label>
            <language>en</language>
            <name>u_expense</name>
            <sequence>4</sequence>
            <synonyms/>
            <sys_created_by>admin</sys_created_by>
            <sys_created_on>2025-09-05 08:42:58</sys_created_on>
            <sys_domain>global</sys_domain>
            <sys_domain_path>/</sys_domain_path>
            <sys_mod_count>0</sys_mod_count>
            <sys_updated_by>admin</sys_updated_by>
            <sys_updated_on>2025-09-05 08:42:58</sys_updated_on>
            <value>may</value>
        </sys_choice>
        <sys_choice action="INSERT_OR_UPDATE">
            <dependent_value/>
            <element>u_string_1</element>
            <hint/>
            <inactive>false</inactive>
            <label>June</label>
            <language>en</language>
            <name>u_expense</name>
            <sequence>5</sequence>
            <synonyms/>
            <sys_created_by>admin</sys_created_by>
            <sys_created_on>2025-09-05 08:42:58</sys_created_on>
            <sys_domain>global</sys_domain>
            <sys_domain_path>/</sys_domain_path>
            <sys_mod_count>0</sys_mod_count>
            <sys_updated_by>admin</sys_updated_by>
            <sys_updated_on>2025-09-05 08:42:58</sys_updated_on>
            <value>june</value>
        </sys_choice>
        <sys_choice action="INSERT_OR_UPDATE">
            <dependent_value/>
            <element>u_string_1</element>
            <hint/>
            <inactive>false</inactive>
            <label>July</label>
            <language>en</language>
            <name>u_expense</name>
            <sequence>6</sequence>
            <synonyms/>
            <sys_created_by>admin</sys_created_by>
            <sys_created_on>2025-09-05 08:42:58</sys_created_on>
            <sys_domain>global</sys_domain>
            <sys_domain_path>/</sys_domain_path>
            <sys_mod_count>0</sys_mod_count>
            <sys_updated_by>admin</sys_updated_by>
            <sys_updated_on>2025-09-05 08:42:58</sys_updated_on>
            <value>july</value>
        </sys_choice>
        <sys_choice action="INSERT_OR_UPDATE">
            <dependent_value/>
            <element>u_string_1</element>
            <hint/>
            <inactive>false</inactive>
            <label>August</label>
            <language>en</language>
            <name>u_expense</name>
            <sequence>7</sequence>
            <synonyms/>
            <sys_created_by>admin</sys_created_by>
            <sys_created_on>2025-09-05 08:42:58</sys_created_on>
            <sys_domain>global</sys_domain>
            <sys_domain_path>/</sys_domain_path>
            <sys_mod_count>0</sys_mod_count>
            <sys_updated_by>admin</sys_updated_by>
            <sys_updated_on>2025-09-05 08:42:58</sys_updated_on>
            <value>august</value>
        </sys_choice>
        <sys_choice action="INSERT_OR_UPDATE">
            <dependent_value/>
            <element>u_string_1</element>
            <hint/>
            <inactive>false</inactive>
            <label>September</label>
            <language>en</language>
            <name>u_expense</name>
            <sequence>8</sequence>
            <synonyms/>
            <sys_created_by>admin</sys_created_by>
            <sys_created_on>2025-09-05 08:42:58</sys_created_on>
            <sys_domain>global</sys_domain>
            <sys_domain_path>/</sys_domain_path>
            <sys_mod_count>0</sys_mod_count>
            <sys_updated_by>admin</sys_updated_by>
            <sys_updated_on>2025-09-05 08:42:58</sys_updated_on>
            <value>september</value>
        </sys_choice>
        <sys_choice action="INSERT_OR_UPDATE">
            <dependent_value/>
            <element>u_string_1</element>
            <hint/>
            <inactive>false</inactive>
            <label>October</label>
            <language>en</language>
            <name>u_expense</name>
            <sequence>9</sequence>
            <synonyms/>
            <sys_created_by>admin</sys_created_by>
            <sys_created_on>2025-09-05 08:42:58</sys_created_on>
            <sys_domain>global</sys_domain>
            <sys_domain_path>/</sys_domain_path>
            <sys_mod_count>0</sys_mod_count>
            <sys_updated_by>admin</sys_updated_by>
            <sys_updated_on>2025-09-05 08:42:58</sys_updated_on>
            <value>october</value>
        </sys_choice>
        <sys_choice action="INSERT_OR_UPDATE">
            <dependent_value/>
            <element>u_string_1</element>
            <hint/>
            <inactive>false</inactive>
            <label>Noovember</label>
            <language>en</language>
            <name>u_expense</name>
            <sequence>10</sequence>
            <synonyms/>
            <sys_created_by>admin</sys_created_by>
            <sys_created_on>2025-09-05 08:42:58</sys_created_on>
            <sys_domain>global</sys_domain>
            <sys_domain_path>/</sys_domain_path>
            <sys_mod_count>0</sys_mod_count>
            <sys_updated_by>admin</sys_updated_by>
            <sys_updated_on>2025-09-05 08:42:58</sys_updated_on>
            <value>noovember</value>
        </sys_choice>
        <sys_choice action="INSERT_OR_UPDATE">
            <dependent_value/>
            <element>u_string_1</element>
            <hint/>
            <inactive>false</inactive>
            <label>December</label>
            <language>en</language>
            <name>u_expense</name>
            <sequence>11</sequence>
            <synonyms/>
            <sys_created_by>admin</sys_created_by>
            <sys_created_on>2025-09-05 08:42:58</sys_created_on>
            <sys_domain>global</sys_domain>
            <sys_domain_path>/</sys_domain_path>
            <sys_mod_count>0</sys_mod_count>
            <sys_updated_by>admin</sys_updated_by>
            <sys_updated_on>2025-09-05 08:42:58</sys_updated_on>
            <value>december</value>
        </sys_choice>
    </sys_choice>
</record_update>
