<?xml version="1.0" encoding="UTF-8"?><record_update sys_domain="global" table="sys_ui_module">
    <sys_ui_module action="DELETE">
        <active>true</active>
        <application display_value="Student">764a1443316322107f44b6584209a560</application>
        <filter/>
        <name>Students</name>
        <order/>
        <path/>
        <path_relative_to_root>false</path_relative_to_root>
        <roles>u_student_user</roles>
        <sys_class_name>sys_ui_module</sys_class_name>
        <sys_created_by>admin</sys_created_by>
        <sys_created_on>2025-09-02 15:20:54</sys_created_on>
        <sys_domain>global</sys_domain>
        <sys_domain_path>/</sys_domain_path>
        <sys_id>1a298c7cd87f22107f4418c193b98b3d</sys_id>
        <sys_mod_count>0</sys_mod_count>
        <sys_name>Students</sys_name>
        <sys_package display_value="Student finance management" source="1b66be1674a722107f4433b6ca9e6b46">1b66be1674a722107f4433b6ca9e6b46</sys_package>
        <sys_policy/>
        <sys_scope display_value="Student finance management">1b66be1674a722107f4433b6ca9e6b46</sys_scope>
        <sys_update_name>sys_ui_module_1a298c7cd87f22107f4418c193b98b3d</sys_update_name>
        <sys_updated_by>admin</sys_updated_by>
        <sys_updated_on>2025-09-02 15:20:54</sys_updated_on>
        <table>u_student</table>
        <uncancelable>false</uncancelable>
        <view_name/>
    </sys_ui_module>
    <sys_update_version action="INSERT_OR_UPDATE">
        <action>DELETE</action>
        <application display_value="Student finance management">1b66be1674a722107f4433b6ca9e6b46</application>
        <file_path/>
        <instance_id>3aa94151979f66905382ff671153af42</instance_id>
        <instance_name>mav-aug-7844-0036</instance_name>
        <name>sys_ui_module_1a298c7cd87f22107f4418c193b98b3d</name>
        <payload><![CDATA[<?xml version="1.0" encoding="UTF-8"?><record_update sys_domain="global" table="sys_ui_module"><sys_ui_module action="INSERT_OR_UPDATE"><active>true</active><application display_value="Student">764a1443316322107f44b6584209a560</application><filter/><name>Students</name><order/><path/><path_relative_to_root>false</path_relative_to_root><roles>u_student_user</roles><sys_class_name>sys_ui_module</sys_class_name><sys_created_by>admin</sys_created_by><sys_created_on>2025-09-02 15:20:54</sys_created_on><sys_domain>global</sys_domain><sys_domain_path>/</sys_domain_path><sys_id>1a298c7cd87f22107f4418c193b98b3d</sys_id><sys_mod_count>0</sys_mod_count><sys_name>Students</sys_name><sys_package display_value="Student finance management" source="1b66be1674a722107f4433b6ca9e6b46">1b66be1674a722107f4433b6ca9e6b46</sys_package><sys_policy/><sys_scope display_value="Student finance management">1b66be1674a722107f4433b6ca9e6b46</sys_scope><sys_update_name>sys_ui_module_1a298c7cd87f22107f4418c193b98b3d</sys_update_name><sys_updated_by>admin</sys_updated_by><sys_updated_on>2025-09-02 15:20:54</sys_updated_on><table>u_student</table><uncancelable>false</uncancelable><view_name/></sys_ui_module></record_update>]]></payload>
        <payload_hash>-1770019369</payload_hash>
        <record_name>Students</record_name>
        <reverted_from/>
        <source>2b951130dde222107f44f6dc15354ef3</source>
        <source_table>sys_update_set</source_table>
        <state>previous</state>
        <sys_created_by>admin</sys_created_by>
        <sys_created_on>2025-09-02 15:20:54</sys_created_on>
        <sys_id>9e298c7cd87f22107f4418c193b98b3f</sys_id>
        <sys_mod_count>0</sys_mod_count>
        <sys_recorded_at>1990b04498a0000001</sys_recorded_at>
        <sys_updated_by>admin</sys_updated_by>
        <sys_updated_on>2025-09-02 15:20:54</sys_updated_on>
        <type>Module</type>
        <update_guid>92298c7c467f2210f8b971a20fd7093f</update_guid>
        <update_guid_history>92298c7c467f2210f8b971a20fd7093f:-1770019369</update_guid_history>
    </sys_update_version>
    <sys_metadata_delete action="INSERT_OR_UPDATE">
        <sys_audit_delete/>
        <sys_class_name>sys_metadata_delete</sys_class_name>
        <sys_created_by>admin</sys_created_by>
        <sys_created_on>2025-09-02 17:11:22</sys_created_on>
        <sys_db_object display_value="" name="sys_ui_module">sys_ui_module</sys_db_object>
        <sys_id>21fcb0e71f7141fe9a9af6d5976da271</sys_id>
        <sys_metadata>1a298c7cd87f22107f4418c193b98b3d</sys_metadata>
        <sys_mod_count>0</sys_mod_count>
        <sys_name>Students</sys_name>
        <sys_package display_value="Student finance management" source="1b66be1674a722107f4433b6ca9e6b46">1b66be1674a722107f4433b6ca9e6b46</sys_package>
        <sys_parent/>
        <sys_policy/>
        <sys_scope display_value="Student finance management">1b66be1674a722107f4433b6ca9e6b46</sys_scope>
        <sys_scope_delete display_value="">021be04b21d042f480da36b0846026c4</sys_scope_delete>
        <sys_update_name>sys_ui_module_1a298c7cd87f22107f4418c193b98b3d</sys_update_name>
        <sys_update_version display_value="sys_ui_module_1a298c7cd87f22107f4418c193b98b3d">9e298c7cd87f22107f4418c193b98b3f</sys_update_version>
        <sys_updated_by>admin</sys_updated_by>
        <sys_updated_on>2025-09-02 17:11:22</sys_updated_on>
    </sys_metadata_delete>
</record_update>
