<?xml version="1.0" encoding="UTF-8"?><record_update>
    <sys_dictionary action="DELETE" element="u_glide_date_time_3" table="u_budget">
        <active>true</active>
        <array>false</array>
        <attributes>edge_encryption_enabled=true</attributes>
        <audit>false</audit>
        <calculation/>
        <choice>0</choice>
        <choice_field/>
        <choice_table/>
        <column_label>Month</column_label>
        <comments/>
        <create_roles/>
        <default_value/>
        <defaultsort/>
        <delete_roles/>
        <dependent/>
        <dependent_on_field/>
        <display>false</display>
        <dynamic_creation>false</dynamic_creation>
        <dynamic_creation_script/>
        <dynamic_default_value/>
        <dynamic_ref_qual/>
        <element>u_glide_date_time_3</element>
        <element_reference>false</element_reference>
        <foreign_database/>
        <formula/>
        <function_definition/>
        <function_field>false</function_field>
        <internal_type display_value="">glide_date_time</internal_type>
        <mandatory>false</mandatory>
        <max_length>40</max_length>
        <name>u_budget</name>
        <next_element/>
        <primary>false</primary>
        <read_only>false</read_only>
        <read_roles/>
        <reference/>
        <reference_cascade_rule/>
        <reference_floats>false</reference_floats>
        <reference_key/>
        <reference_qual/>
        <reference_qual_condition/>
        <reference_type/>
        <spell_check>false</spell_check>
        <staged>false</staged>
        <sys_class_name>sys_dictionary</sys_class_name>
        <sys_created_by>admin</sys_created_by>
        <sys_created_on>2025-09-02 15:49:53</sys_created_on>
        <sys_id>32cf44f4d8bf22107f4418c193b98b53</sys_id>
        <sys_name>Month</sys_name>
        <sys_package display_value="Student finance management" source="1b66be1674a722107f4433b6ca9e6b46">1b66be1674a722107f4433b6ca9e6b46</sys_package>
        <sys_policy/>
        <sys_scope display_value="Student finance management">1b66be1674a722107f4433b6ca9e6b46</sys_scope>
        <sys_update_name>sys_dictionary_u_budget_u_glide_date_time_3</sys_update_name>
        <sys_updated_by>admin</sys_updated_by>
        <sys_updated_on>2025-09-02 15:49:53</sys_updated_on>
        <table_reference>false</table_reference>
        <text_index>false</text_index>
        <unique>false</unique>
        <use_dependent_field>false</use_dependent_field>
        <use_dynamic_default>false</use_dynamic_default>
        <use_reference_qualifier>simple</use_reference_qualifier>
        <virtual>false</virtual>
        <virtual_type>script</virtual_type>
        <widget/>
        <write_roles/>
        <xml_view>false</xml_view>
    </sys_dictionary>
    <sys_update_version action="INSERT_OR_UPDATE">
        <action>DELETE</action>
        <application display_value="Student finance management">1b66be1674a722107f4433b6ca9e6b46</application>
        <file_path/>
        <instance_id>3aa94151979f66905382ff671153af42</instance_id>
        <instance_name>mav-aug-7844-0036</instance_name>
        <name>sys_dictionary_u_budget_u_glide_date_time_3</name>
        <payload><![CDATA[<?xml version="1.0" encoding="UTF-8"?><record_update><sys_dictionary action="INSERT_OR_UPDATE" element="u_glide_date_time_3" table="u_budget"><active>true</active><array>false</array><attributes>edge_encryption_enabled=true</attributes><audit>false</audit><calculation/><choice>0</choice><choice_field/><choice_table/><column_label>Month</column_label><comments/><create_roles/><default_value/><defaultsort/><delete_roles/><dependent/><dependent_on_field/><display>false</display><dynamic_creation>false</dynamic_creation><dynamic_creation_script/><dynamic_default_value/><dynamic_ref_qual/><element>u_glide_date_time_3</element><element_reference>false</element_reference><foreign_database/><formula/><function_definition/><function_field>false</function_field><internal_type display_value="">glide_date_time</internal_type><mandatory>false</mandatory><max_length>40</max_length><name>u_budget</name><next_element/><primary>false</primary><read_only>false</read_only><read_roles/><reference/><reference_cascade_rule/><reference_floats>false</reference_floats><reference_key/><reference_qual/><reference_qual_condition/><reference_type/><spell_check>false</spell_check><staged>false</staged><sys_class_name>sys_dictionary</sys_class_name><sys_created_by>admin</sys_created_by><sys_created_on>2025-09-02 15:49:53</sys_created_on><sys_id>32cf44f4d8bf22107f4418c193b98b53</sys_id><sys_name>Month</sys_name><sys_package display_value="Student finance management" source="1b66be1674a722107f4433b6ca9e6b46">1b66be1674a722107f4433b6ca9e6b46</sys_package><sys_policy/><sys_scope display_value="Student finance management">1b66be1674a722107f4433b6ca9e6b46</sys_scope><sys_update_name>sys_dictionary_u_budget_u_glide_date_time_3</sys_update_name><sys_updated_by>admin</sys_updated_by><sys_updated_on>2025-09-02 15:49:53</sys_updated_on><table_reference>false</table_reference><text_index>false</text_index><unique>false</unique><use_dependent_field>false</use_dependent_field><use_dynamic_default>false</use_dynamic_default><use_reference_qualifier>simple</use_reference_qualifier><virtual>false</virtual><virtual_type>script</virtual_type><widget/><write_roles/><xml_view>false</xml_view></sys_dictionary></record_update>]]></payload>
        <payload_hash>175302324</payload_hash>
        <record_name>Budget.Month</record_name>
        <reverted_from/>
        <source>2b951130dde222107f44f6dc15354ef3</source>
        <source_table>sys_update_set</source_table>
        <state>previous</state>
        <sys_created_by>admin</sys_created_by>
        <sys_created_on>2025-09-02 15:49:53</sys_created_on>
        <sys_id>b2cf44f4d8bf22107f4418c193b98b84</sys_id>
        <sys_mod_count>0</sys_mod_count>
        <sys_recorded_at>1990b1ed47c0000001</sys_recorded_at>
        <sys_updated_by>admin</sys_updated_by>
        <sys_updated_on>2025-09-02 15:49:53</sys_updated_on>
        <type>Dictionary</type>
        <update_guid>f6cf44f4d4bf221017f5317d61f49e83</update_guid>
        <update_guid_history>f6cf44f4d4bf221017f5317d61f49e83:175302324</update_guid_history>
    </sys_update_version>
    <sys_metadata_delete action="INSERT_OR_UPDATE">
        <sys_audit_delete/>
        <sys_class_name>sys_metadata_delete</sys_class_name>
        <sys_created_by>admin</sys_created_by>
        <sys_created_on>2025-09-02 15:57:18</sys_created_on>
        <sys_db_object display_value="" name="sys_dictionary">sys_dictionary</sys_db_object>
        <sys_id>36b7733a4b7c4866b34b648037de4e71</sys_id>
        <sys_metadata>32cf44f4d8bf22107f4418c193b98b53</sys_metadata>
        <sys_mod_count>0</sys_mod_count>
        <sys_name>Month</sys_name>
        <sys_package display_value="Student finance management" source="1b66be1674a722107f4433b6ca9e6b46">1b66be1674a722107f4433b6ca9e6b46</sys_package>
        <sys_parent display_value="">a39cc4b0d8bf22107f4418c193b98b0b</sys_parent>
        <sys_policy/>
        <sys_scope display_value="Student finance management">1b66be1674a722107f4433b6ca9e6b46</sys_scope>
        <sys_scope_delete display_value="">021be04b21d042f480da36b0846026c4</sys_scope_delete>
        <sys_update_name>sys_dictionary_u_budget_u_glide_date_time_3</sys_update_name>
        <sys_update_version display_value="sys_dictionary_u_budget_u_glide_date_time_3">b2cf44f4d8bf22107f4418c193b98b84</sys_update_version>
        <sys_updated_by>admin</sys_updated_by>
        <sys_updated_on>2025-09-02 15:57:18</sys_updated_on>
    </sys_metadata_delete>
</record_update>
