<?xml version="1.0" encoding="UTF-8"?><record_update sys_domain="global" table="sys_script_client">
    <sys_script_client action="DELETE">
        <active>true</active>
        <applies_extended>false</applies_extended>
        <condition/>
        <description/>
        <field>u_reference_2</field>
        <global>true</global>
        <isolate_script>true</isolate_script>
        <messages/>
        <name>Remaining Balance amt</name>
        <order/>
        <script><![CDATA[function onChange(control, oldValue, newValue, isLoading, isTemplate) {
    if (isLoading || newValue == '') {
        return;
    }
    
    var total = g_form.getValue('u_decimal_6');
    var used = g_form.getValue('u_decimal_1');
    total = parseFloat(total) || 0;
    used = parseFloat(used) || 0;
    var remaining = total - used;
    g_form.setValue('u_decimal_7', remaining);
}
]]></script>
        <sys_class_name>sys_script_client</sys_class_name>
        <sys_created_by>admin</sys_created_by>
        <sys_created_on>2025-09-02 17:43:19</sys_created_on>
        <sys_domain>global</sys_domain>
        <sys_domain_path>/</sys_domain_path>
        <sys_id>2579e038d83362107f4418c193b98b8b</sys_id>
        <sys_mod_count>1</sys_mod_count>
        <sys_name>Remaining Balance amt</sys_name>
        <sys_overrides/>
        <sys_package display_value="Student finance management" source="1b66be1674a722107f4433b6ca9e6b46">1b66be1674a722107f4433b6ca9e6b46</sys_package>
        <sys_policy/>
        <sys_scope display_value="Student finance management">1b66be1674a722107f4433b6ca9e6b46</sys_scope>
        <sys_update_name>sys_script_client_2579e038d83362107f4418c193b98b8b</sys_update_name>
        <sys_updated_by>admin</sys_updated_by>
        <sys_updated_on>2025-09-02 17:48:13</sys_updated_on>
        <table>u_budgets</table>
        <type>onChange</type>
        <ui_type>0</ui_type>
        <view/>
    </sys_script_client>
    <sys_update_version action="INSERT_OR_UPDATE">
        <action>DELETE</action>
        <application display_value="Student finance management">1b66be1674a722107f4433b6ca9e6b46</application>
        <file_path/>
        <instance_id>3aa94151979f66905382ff671153af42</instance_id>
        <instance_name>mav-aug-7844-0036</instance_name>
        <name>sys_script_client_2579e038d83362107f4418c193b98b8b</name>
        <payload>&lt;?xml version="1.0" encoding="UTF-8"?&gt;&lt;record_update sys_domain="global" table="sys_script_client"&gt;&lt;sys_script_client action="INSERT_OR_UPDATE"&gt;&lt;active&gt;true&lt;/active&gt;&lt;applies_extended&gt;false&lt;/applies_extended&gt;&lt;condition/&gt;&lt;description/&gt;&lt;field&gt;u_reference_2&lt;/field&gt;&lt;global&gt;true&lt;/global&gt;&lt;isolate_script&gt;true&lt;/isolate_script&gt;&lt;messages/&gt;&lt;name&gt;Remaining Balance amt&lt;/name&gt;&lt;order/&gt;&lt;script&gt;&lt;![CDATA[function onChange(control, oldValue, newValue, isLoading, isTemplate) {
    if (isLoading || newValue == '') {
        return;
    }
    
    var total = g_form.getValue('u_decimal_6');
    var used = g_form.getValue('u_decimal_1');
    total = parseFloat(total) || 0;
    used = parseFloat(used) || 0;
    var remaining = total - used;
    g_form.setValue('u_decimal_7', remaining);
}
]]&gt;&lt;/script&gt;&lt;sys_class_name&gt;sys_script_client&lt;/sys_class_name&gt;&lt;sys_created_by&gt;admin&lt;/sys_created_by&gt;&lt;sys_created_on&gt;2025-09-02 17:43:19&lt;/sys_created_on&gt;&lt;sys_domain&gt;global&lt;/sys_domain&gt;&lt;sys_domain_path&gt;/&lt;/sys_domain_path&gt;&lt;sys_id&gt;2579e038d83362107f4418c193b98b8b&lt;/sys_id&gt;&lt;sys_mod_count&gt;1&lt;/sys_mod_count&gt;&lt;sys_name&gt;Remaining Balance amt&lt;/sys_name&gt;&lt;sys_overrides/&gt;&lt;sys_package display_value="Student finance management" source="1b66be1674a722107f4433b6ca9e6b46"&gt;1b66be1674a722107f4433b6ca9e6b46&lt;/sys_package&gt;&lt;sys_policy/&gt;&lt;sys_scope display_value="Student finance management"&gt;1b66be1674a722107f4433b6ca9e6b46&lt;/sys_scope&gt;&lt;sys_update_name&gt;sys_script_client_2579e038d83362107f4418c193b98b8b&lt;/sys_update_name&gt;&lt;sys_updated_by&gt;admin&lt;/sys_updated_by&gt;&lt;sys_updated_on&gt;2025-09-02 17:48:13&lt;/sys_updated_on&gt;&lt;table&gt;u_budgets&lt;/table&gt;&lt;type&gt;onChange&lt;/type&gt;&lt;ui_type&gt;0&lt;/ui_type&gt;&lt;view/&gt;&lt;/sys_script_client&gt;&lt;/record_update&gt;</payload>
        <payload_hash>332628821</payload_hash>
        <record_name>Remaining Balance amt</record_name>
        <reverted_from/>
        <source>2b951130dde222107f44f6dc15354ef3</source>
        <source_table>sys_update_set</source_table>
        <state>previous</state>
        <sys_created_by>admin</sys_created_by>
        <sys_created_on>2025-09-02 17:48:13</sys_created_on>
        <sys_id>88eaa838d83362107f4418c193b98bab</sys_id>
        <sys_mod_count>0</sys_mod_count>
        <sys_recorded_at>1990b8b28f10000001</sys_recorded_at>
        <sys_updated_by>admin</sys_updated_by>
        <sys_updated_on>2025-09-02 17:48:13</sys_updated_on>
        <type>Client Script</type>
        <update_guid>40eaa8388233621055dcf4ee2ea38eab</update_guid>
        <update_guid_history>40eaa8388233621055dcf4ee2ea38eab:332628821,58c960b4f93362106c58558e18c3b2a8:936302258</update_guid_history>
    </sys_update_version>
    <sys_metadata_delete action="INSERT_OR_UPDATE">
        <sys_audit_delete/>
        <sys_class_name>sys_metadata_delete</sys_class_name>
        <sys_created_by>admin</sys_created_by>
        <sys_created_on>2025-09-02 17:53:07</sys_created_on>
        <sys_db_object display_value="" name="sys_script_client">sys_script_client</sys_db_object>
        <sys_id>2469b11bd5fc41b3953a3215973ef549</sys_id>
        <sys_metadata>2579e038d83362107f4418c193b98b8b</sys_metadata>
        <sys_mod_count>0</sys_mod_count>
        <sys_name>Remaining Balance amt</sys_name>
        <sys_package display_value="Student finance management" source="1b66be1674a722107f4433b6ca9e6b46">1b66be1674a722107f4433b6ca9e6b46</sys_package>
        <sys_parent display_value="Budgets">31915c78d8bf22107f4418c193b98b06</sys_parent>
        <sys_policy/>
        <sys_scope display_value="Student finance management">1b66be1674a722107f4433b6ca9e6b46</sys_scope>
        <sys_scope_delete display_value="">021be04b21d042f480da36b0846026c4</sys_scope_delete>
        <sys_update_name>sys_script_client_2579e038d83362107f4418c193b98b8b</sys_update_name>
        <sys_update_version display_value="sys_script_client_2579e038d83362107f4418c193b98b8b">88eaa838d83362107f4418c193b98bab</sys_update_version>
        <sys_updated_by>admin</sys_updated_by>
        <sys_updated_on>2025-09-02 17:53:07</sys_updated_on>
    </sys_metadata_delete>
</record_update>
