<?xml version="1.0" encoding="UTF-8"?><record_update>
    <sys_ui_section action="DELETE" caption="" section_id="e88e60cb31a322107f44b6584209a5a7" sys_domain="global" table="u_budget" version="3" view="">
        <sys_ui_element action="INSERT_OR_UPDATE">
            <element>u_reference_1</element>
            <position>0</position>
            <sys_created_by>admin</sys_created_by>
            <sys_created_on>2025-09-02 14:35:44</sys_created_on>
            <sys_id>e4debb6cd83f22107f4418c193b98b1a</sys_id>
            <sys_mod_count>0</sys_mod_count>
            <sys_ui_formatter/>
            <sys_ui_section caption="NULL" display_value="" name="u_budget" sys_domain="global" view="Default view">e88e60cb31a322107f44b6584209a5a7</sys_ui_section>
            <sys_updated_by>admin</sys_updated_by>
            <sys_updated_on>2025-09-02 14:35:44</sys_updated_on>
            <sys_user/>
            <type/>
        </sys_ui_element>
        <sys_ui_element action="INSERT_OR_UPDATE">
            <element>u_month</element>
            <position>1</position>
            <sys_created_by>admin</sys_created_by>
            <sys_created_on>2025-09-02 14:35:44</sys_created_on>
            <sys_id>ecdebb6cd83f22107f4418c193b98b1a</sys_id>
            <sys_mod_count>0</sys_mod_count>
            <sys_ui_formatter/>
            <sys_ui_section caption="NULL" display_value="" name="u_budget" sys_domain="global" view="Default view">e88e60cb31a322107f44b6584209a5a7</sys_ui_section>
            <sys_updated_by>admin</sys_updated_by>
            <sys_updated_on>2025-09-02 14:35:44</sys_updated_on>
            <sys_user/>
            <type/>
        </sys_ui_element>
        <sys_ui_element action="INSERT_OR_UPDATE">
            <element>u_category</element>
            <position>2</position>
            <sys_created_by>admin</sys_created_by>
            <sys_created_on>2025-09-02 14:35:44</sys_created_on>
            <sys_id>e4debb6cd83f22107f4418c193b98b1b</sys_id>
            <sys_mod_count>0</sys_mod_count>
            <sys_ui_formatter/>
            <sys_ui_section caption="NULL" display_value="" name="u_budget" sys_domain="global" view="Default view">e88e60cb31a322107f44b6584209a5a7</sys_ui_section>
            <sys_updated_by>admin</sys_updated_by>
            <sys_updated_on>2025-09-02 14:35:44</sys_updated_on>
            <sys_user/>
            <type/>
        </sys_ui_element>
        <sys_ui_element action="INSERT_OR_UPDATE">
            <element>.split</element>
            <position>3</position>
            <sys_created_by>admin</sys_created_by>
            <sys_created_on>2025-09-02 14:35:44</sys_created_on>
            <sys_id>ecdebb6cd83f22107f4418c193b98b1b</sys_id>
            <sys_mod_count>0</sys_mod_count>
            <sys_ui_formatter/>
            <sys_ui_section caption="NULL" display_value="" name="u_budget" sys_domain="global" view="Default view">e88e60cb31a322107f44b6584209a5a7</sys_ui_section>
            <sys_updated_by>admin</sys_updated_by>
            <sys_updated_on>2025-09-02 14:35:44</sys_updated_on>
            <sys_user/>
            <type>.split</type>
        </sys_ui_element>
        <sys_ui_element action="INSERT_OR_UPDATE">
            <element>u_limit</element>
            <position>4</position>
            <sys_created_by>admin</sys_created_by>
            <sys_created_on>2025-09-02 14:35:44</sys_created_on>
            <sys_id>e4debb6cd83f22107f4418c193b98b1c</sys_id>
            <sys_mod_count>0</sys_mod_count>
            <sys_ui_formatter/>
            <sys_ui_section caption="NULL" display_value="" name="u_budget" sys_domain="global" view="Default view">e88e60cb31a322107f44b6584209a5a7</sys_ui_section>
            <sys_updated_by>admin</sys_updated_by>
            <sys_updated_on>2025-09-02 14:35:44</sys_updated_on>
            <sys_user/>
            <type/>
        </sys_ui_element>
        <sys_ui_element action="INSERT_OR_UPDATE">
            <element>u_amount</element>
            <position>5</position>
            <sys_created_by>admin</sys_created_by>
            <sys_created_on>2025-09-02 14:35:44</sys_created_on>
            <sys_id>ecdebb6cd83f22107f4418c193b98b1c</sys_id>
            <sys_mod_count>0</sys_mod_count>
            <sys_ui_formatter/>
            <sys_ui_section caption="NULL" display_value="" name="u_budget" sys_domain="global" view="Default view">e88e60cb31a322107f44b6584209a5a7</sys_ui_section>
            <sys_updated_by>admin</sys_updated_by>
            <sys_updated_on>2025-09-02 14:35:44</sys_updated_on>
            <sys_user/>
            <type/>
        </sys_ui_element>
        <sys_ui_section action="DELETE">
            <caption/>
            <header>false</header>
            <name>u_budget</name>
            <roles/>
            <sys_class_name>sys_ui_section</sys_class_name>
            <sys_created_by>admin</sys_created_by>
            <sys_created_on>2025-08-28 07:34:43</sys_created_on>
            <sys_domain>global</sys_domain>
            <sys_domain_path>/</sys_domain_path>
            <sys_id>e88e60cb31a322107f44b6584209a5a7</sys_id>
            <sys_mod_count>0</sys_mod_count>
            <sys_name>u_budget</sys_name>
            <sys_overrides/>
            <sys_package display_value="Student finance management" source="1b66be1674a722107f4433b6ca9e6b46">1b66be1674a722107f4433b6ca9e6b46</sys_package>
            <sys_policy/>
            <sys_scope display_value="Student finance management">1b66be1674a722107f4433b6ca9e6b46</sys_scope>
            <sys_update_name>sys_ui_section_e88e60cb31a322107f44b6584209a5a7</sys_update_name>
            <sys_updated_by>admin</sys_updated_by>
            <sys_updated_on>2025-08-28 07:34:43</sys_updated_on>
            <sys_user/>
            <title>true</title>
            <view display_value="Default view" name="NULL">Default view</view>
            <view_name/>
        </sys_ui_section>
    </sys_ui_section>
    <sys_update_version action="INSERT_OR_UPDATE">
        <action>DELETE</action>
        <application display_value="Student finance management">1b66be1674a722107f4433b6ca9e6b46</application>
        <file_path/>
        <instance_id>3aa94151979f66905382ff671153af42</instance_id>
        <instance_name>mav-aug-7844-0036</instance_name>
        <name>sys_ui_section_e88e60cb31a322107f44b6584209a5a7</name>
        <payload><![CDATA[<?xml version="1.0" encoding="UTF-8"?><record_update><sys_ui_section caption="" section_id="e88e60cb31a322107f44b6584209a5a7" sys_domain="global" table="u_budget" version="3" view=""><sys_ui_element action="INSERT_OR_UPDATE"><element>u_reference_1</element><position>0</position><sys_created_by>admin</sys_created_by><sys_created_on>2025-09-02 14:35:44</sys_created_on><sys_id>e4debb6cd83f22107f4418c193b98b1a</sys_id><sys_mod_count>0</sys_mod_count><sys_ui_formatter/><sys_ui_section caption="NULL" display_value="" name="u_budget" sys_domain="global" view="Default view">e88e60cb31a322107f44b6584209a5a7</sys_ui_section><sys_updated_by>admin</sys_updated_by><sys_updated_on>2025-09-02 14:35:44</sys_updated_on><sys_user/><type/></sys_ui_element><sys_ui_element action="INSERT_OR_UPDATE"><element>u_month</element><position>1</position><sys_created_by>admin</sys_created_by><sys_created_on>2025-09-02 14:35:44</sys_created_on><sys_id>ecdebb6cd83f22107f4418c193b98b1a</sys_id><sys_mod_count>0</sys_mod_count><sys_ui_formatter/><sys_ui_section caption="NULL" display_value="" name="u_budget" sys_domain="global" view="Default view">e88e60cb31a322107f44b6584209a5a7</sys_ui_section><sys_updated_by>admin</sys_updated_by><sys_updated_on>2025-09-02 14:35:44</sys_updated_on><sys_user/><type/></sys_ui_element><sys_ui_element action="INSERT_OR_UPDATE"><element>u_category</element><position>2</position><sys_created_by>admin</sys_created_by><sys_created_on>2025-09-02 14:35:44</sys_created_on><sys_id>e4debb6cd83f22107f4418c193b98b1b</sys_id><sys_mod_count>0</sys_mod_count><sys_ui_formatter/><sys_ui_section caption="NULL" display_value="" name="u_budget" sys_domain="global" view="Default view">e88e60cb31a322107f44b6584209a5a7</sys_ui_section><sys_updated_by>admin</sys_updated_by><sys_updated_on>2025-09-02 14:35:44</sys_updated_on><sys_user/><type/></sys_ui_element><sys_ui_element action="INSERT_OR_UPDATE"><element>.split</element><position>3</position><sys_created_by>admin</sys_created_by><sys_created_on>2025-09-02 14:35:44</sys_created_on><sys_id>ecdebb6cd83f22107f4418c193b98b1b</sys_id><sys_mod_count>0</sys_mod_count><sys_ui_formatter/><sys_ui_section caption="NULL" display_value="" name="u_budget" sys_domain="global" view="Default view">e88e60cb31a322107f44b6584209a5a7</sys_ui_section><sys_updated_by>admin</sys_updated_by><sys_updated_on>2025-09-02 14:35:44</sys_updated_on><sys_user/><type>.split</type></sys_ui_element><sys_ui_element action="INSERT_OR_UPDATE"><element>u_limit</element><position>4</position><sys_created_by>admin</sys_created_by><sys_created_on>2025-09-02 14:35:44</sys_created_on><sys_id>e4debb6cd83f22107f4418c193b98b1c</sys_id><sys_mod_count>0</sys_mod_count><sys_ui_formatter/><sys_ui_section caption="NULL" display_value="" name="u_budget" sys_domain="global" view="Default view">e88e60cb31a322107f44b6584209a5a7</sys_ui_section><sys_updated_by>admin</sys_updated_by><sys_updated_on>2025-09-02 14:35:44</sys_updated_on><sys_user/><type/></sys_ui_element><sys_ui_element action="INSERT_OR_UPDATE"><element>u_amount</element><position>5</position><sys_created_by>admin</sys_created_by><sys_created_on>2025-09-02 14:35:44</sys_created_on><sys_id>ecdebb6cd83f22107f4418c193b98b1c</sys_id><sys_mod_count>0</sys_mod_count><sys_ui_formatter/><sys_ui_section caption="NULL" display_value="" name="u_budget" sys_domain="global" view="Default view">e88e60cb31a322107f44b6584209a5a7</sys_ui_section><sys_updated_by>admin</sys_updated_by><sys_updated_on>2025-09-02 14:35:44</sys_updated_on><sys_user/><type/></sys_ui_element><sys_ui_section action="INSERT_OR_UPDATE"><caption/><header>false</header><name>u_budget</name><roles/><sys_class_name>sys_ui_section</sys_class_name><sys_created_by>admin</sys_created_by><sys_created_on>2025-08-28 07:34:43</sys_created_on><sys_domain>global</sys_domain><sys_domain_path>/</sys_domain_path><sys_id>e88e60cb31a322107f44b6584209a5a7</sys_id><sys_mod_count>0</sys_mod_count><sys_name>u_budget</sys_name><sys_overrides/><sys_package display_value="Student finance management" source="1b66be1674a722107f4433b6ca9e6b46">1b66be1674a722107f4433b6ca9e6b46</sys_package><sys_policy/><sys_scope display_value="Student finance management">1b66be1674a722107f4433b6ca9e6b46</sys_scope><sys_update_name>sys_ui_section_e88e60cb31a322107f44b6584209a5a7</sys_update_name><sys_updated_by>admin</sys_updated_by><sys_updated_on>2025-08-28 07:34:43</sys_updated_on><sys_user/><title>true</title><view display_value="Default view" name="NULL">Default view</view><view_name/></sys_ui_section></sys_ui_section></record_update>]]></payload>
        <payload_hash>866340120</payload_hash>
        <record_name>Budget</record_name>
        <reverted_from/>
        <source>2b951130dde222107f44f6dc15354ef3</source>
        <source_table>sys_update_set</source_table>
        <state>previous</state>
        <sys_created_by>admin</sys_created_by>
        <sys_created_on>2025-09-02 14:35:44</sys_created_on>
        <sys_id>e0debb6cd83f22107f4418c193b98b1f</sys_id>
        <sys_mod_count>0</sys_mod_count>
        <sys_recorded_at>1990adaeea30000001</sys_recorded_at>
        <sys_updated_by>admin</sys_updated_by>
        <sys_updated_on>2025-09-02 14:35:44</sys_updated_on>
        <type>Form Layout</type>
        <update_guid>a8debb6c093f221078acf8a45e200a1e</update_guid>
        <update_guid_history>a8debb6c093f221078acf8a45e200a1e:866340120,646d3be87d3f22108721aacc56a692c1:-1292459242,308e60cb0ea32210685095a44efb2daf:484083193,e08e60cba4a322104ed82b873ca981aa:-145323647</update_guid_history>
    </sys_update_version>
    <sys_metadata_delete action="INSERT_OR_UPDATE">
        <sys_audit_delete/>
        <sys_class_name>sys_metadata_delete</sys_class_name>
        <sys_created_by>admin</sys_created_by>
        <sys_created_on>2025-09-02 15:34:00</sys_created_on>
        <sys_db_object display_value="" name="sys_ui_section">sys_ui_section</sys_db_object>
        <sys_id>0ccb57f62bb548b598c0cad6b5a651b1</sys_id>
        <sys_metadata>e88e60cb31a322107f44b6584209a5a7</sys_metadata>
        <sys_mod_count>0</sys_mod_count>
        <sys_name>u_budget</sys_name>
        <sys_package display_value="Student finance management" source="1b66be1674a722107f4433b6ca9e6b46">1b66be1674a722107f4433b6ca9e6b46</sys_package>
        <sys_parent display_value="">abecac0b31a322107f44b6584209a5c6</sys_parent>
        <sys_policy/>
        <sys_scope display_value="Student finance management">1b66be1674a722107f4433b6ca9e6b46</sys_scope>
        <sys_scope_delete display_value="">021be04b21d042f480da36b0846026c4</sys_scope_delete>
        <sys_update_name>sys_ui_section_e88e60cb31a322107f44b6584209a5a7</sys_update_name>
        <sys_update_version display_value="sys_ui_section_e88e60cb31a322107f44b6584209a5a7">e0debb6cd83f22107f4418c193b98b1f</sys_update_version>
        <sys_updated_by>admin</sys_updated_by>
        <sys_updated_on>2025-09-02 15:34:00</sys_updated_on>
    </sys_metadata_delete>
</record_update>
