<?xml version="1.0" encoding="UTF-8"?><record_update>
    <sys_ui_section action="DELETE" caption="" section_id="fdfd4034d8bf22107f4418c193b98b7a" sys_domain="global" table="u_budget" version="3" view="">
        <sys_ui_element action="INSERT_OR_UPDATE">
            <element>u_reference_1</element>
            <position>0</position>
            <sys_created_by>admin</sys_created_by>
            <sys_created_on>2025-09-02 15:49:54</sys_created_on>
            <sys_id>07cf44f4d8bf22107f4418c193b98bad</sys_id>
            <sys_mod_count>0</sys_mod_count>
            <sys_ui_formatter/>
            <sys_ui_section caption="NULL" display_value="" name="u_budget" sys_domain="global" view="Default view">fdfd4034d8bf22107f4418c193b98b7a</sys_ui_section>
            <sys_updated_by>admin</sys_updated_by>
            <sys_updated_on>2025-09-02 15:49:54</sys_updated_on>
            <sys_user/>
            <type/>
        </sys_ui_element>
        <sys_ui_element action="INSERT_OR_UPDATE">
            <element>u_string_2</element>
            <position>1</position>
            <sys_created_by>admin</sys_created_by>
            <sys_created_on>2025-09-02 15:49:54</sys_created_on>
            <sys_id>0fcf44f4d8bf22107f4418c193b98bad</sys_id>
            <sys_mod_count>0</sys_mod_count>
            <sys_ui_formatter/>
            <sys_ui_section caption="NULL" display_value="" name="u_budget" sys_domain="global" view="Default view">fdfd4034d8bf22107f4418c193b98b7a</sys_ui_section>
            <sys_updated_by>admin</sys_updated_by>
            <sys_updated_on>2025-09-02 15:49:54</sys_updated_on>
            <sys_user/>
            <type/>
        </sys_ui_element>
        <sys_ui_element action="INSERT_OR_UPDATE">
            <element>u_glide_date_time_3</element>
            <position>2</position>
            <sys_created_by>admin</sys_created_by>
            <sys_created_on>2025-09-02 15:49:54</sys_created_on>
            <sys_id>07cf44f4d8bf22107f4418c193b98bae</sys_id>
            <sys_mod_count>0</sys_mod_count>
            <sys_ui_formatter/>
            <sys_ui_section caption="NULL" display_value="" name="u_budget" sys_domain="global" view="Default view">fdfd4034d8bf22107f4418c193b98b7a</sys_ui_section>
            <sys_updated_by>admin</sys_updated_by>
            <sys_updated_on>2025-09-02 15:49:54</sys_updated_on>
            <sys_user/>
            <type/>
        </sys_ui_element>
        <sys_ui_element action="INSERT_OR_UPDATE">
            <element>u_choice_6</element>
            <position>3</position>
            <sys_created_by>admin</sys_created_by>
            <sys_created_on>2025-09-02 15:49:54</sys_created_on>
            <sys_id>0fcf44f4d8bf22107f4418c193b98bae</sys_id>
            <sys_mod_count>0</sys_mod_count>
            <sys_ui_formatter/>
            <sys_ui_section caption="NULL" display_value="" name="u_budget" sys_domain="global" view="Default view">fdfd4034d8bf22107f4418c193b98b7a</sys_ui_section>
            <sys_updated_by>admin</sys_updated_by>
            <sys_updated_on>2025-09-02 15:49:54</sys_updated_on>
            <sys_user/>
            <type/>
        </sys_ui_element>
        <sys_ui_element action="INSERT_OR_UPDATE">
            <element>.split</element>
            <position>4</position>
            <sys_created_by>admin</sys_created_by>
            <sys_created_on>2025-09-02 15:49:54</sys_created_on>
            <sys_id>07cf44f4d8bf22107f4418c193b98baf</sys_id>
            <sys_mod_count>0</sys_mod_count>
            <sys_ui_formatter/>
            <sys_ui_section caption="NULL" display_value="" name="u_budget" sys_domain="global" view="Default view">fdfd4034d8bf22107f4418c193b98b7a</sys_ui_section>
            <sys_updated_by>admin</sys_updated_by>
            <sys_updated_on>2025-09-02 15:49:54</sys_updated_on>
            <sys_user/>
            <type>.split</type>
        </sys_ui_element>
        <sys_ui_element action="INSERT_OR_UPDATE">
            <element>u_decimal_4</element>
            <position>5</position>
            <sys_created_by>admin</sys_created_by>
            <sys_created_on>2025-09-02 15:49:54</sys_created_on>
            <sys_id>0fcf44f4d8bf22107f4418c193b98baf</sys_id>
            <sys_mod_count>0</sys_mod_count>
            <sys_ui_formatter/>
            <sys_ui_section caption="NULL" display_value="" name="u_budget" sys_domain="global" view="Default view">fdfd4034d8bf22107f4418c193b98b7a</sys_ui_section>
            <sys_updated_by>admin</sys_updated_by>
            <sys_updated_on>2025-09-02 15:49:54</sys_updated_on>
            <sys_user/>
            <type/>
        </sys_ui_element>
        <sys_ui_element action="INSERT_OR_UPDATE">
            <element>u_decimal_5</element>
            <position>6</position>
            <sys_created_by>admin</sys_created_by>
            <sys_created_on>2025-09-02 15:49:54</sys_created_on>
            <sys_id>07cf44f4d8bf22107f4418c193b98bb0</sys_id>
            <sys_mod_count>0</sys_mod_count>
            <sys_ui_formatter/>
            <sys_ui_section caption="NULL" display_value="" name="u_budget" sys_domain="global" view="Default view">fdfd4034d8bf22107f4418c193b98b7a</sys_ui_section>
            <sys_updated_by>admin</sys_updated_by>
            <sys_updated_on>2025-09-02 15:49:54</sys_updated_on>
            <sys_user/>
            <type/>
        </sys_ui_element>
        <sys_ui_section action="DELETE">
            <caption/>
            <header>false</header>
            <name>u_budget</name>
            <roles/>
            <sys_class_name>sys_ui_section</sys_class_name>
            <sys_created_by>admin</sys_created_by>
            <sys_created_on>2025-09-02 15:41:53</sys_created_on>
            <sys_domain>global</sys_domain>
            <sys_domain_path>/</sys_domain_path>
            <sys_id>fdfd4034d8bf22107f4418c193b98b7a</sys_id>
            <sys_mod_count>0</sys_mod_count>
            <sys_name>u_budget</sys_name>
            <sys_overrides/>
            <sys_package display_value="Student finance management" source="1b66be1674a722107f4433b6ca9e6b46">1b66be1674a722107f4433b6ca9e6b46</sys_package>
            <sys_policy/>
            <sys_scope display_value="Student finance management">1b66be1674a722107f4433b6ca9e6b46</sys_scope>
            <sys_update_name>sys_ui_section_fdfd4034d8bf22107f4418c193b98b7a</sys_update_name>
            <sys_updated_by>admin</sys_updated_by>
            <sys_updated_on>2025-09-02 15:41:53</sys_updated_on>
            <sys_user/>
            <title>true</title>
            <view display_value="Default view" name="NULL">Default view</view>
            <view_name/>
        </sys_ui_section>
    </sys_ui_section>
    <sys_update_version action="INSERT_OR_UPDATE">
        <action>DELETE</action>
        <application display_value="Student finance management">1b66be1674a722107f4433b6ca9e6b46</application>
        <file_path/>
        <instance_id>3aa94151979f66905382ff671153af42</instance_id>
        <instance_name>mav-aug-7844-0036</instance_name>
        <name>sys_ui_section_fdfd4034d8bf22107f4418c193b98b7a</name>
        <payload><![CDATA[<?xml version="1.0" encoding="UTF-8"?><record_update><sys_ui_section caption="" section_id="fdfd4034d8bf22107f4418c193b98b7a" sys_domain="global" table="u_budget" version="3" view=""><sys_ui_element action="INSERT_OR_UPDATE"><element>u_reference_1</element><position>0</position><sys_created_by>admin</sys_created_by><sys_created_on>2025-09-02 15:49:54</sys_created_on><sys_id>07cf44f4d8bf22107f4418c193b98bad</sys_id><sys_mod_count>0</sys_mod_count><sys_ui_formatter/><sys_ui_section caption="NULL" display_value="" name="u_budget" sys_domain="global" view="Default view">fdfd4034d8bf22107f4418c193b98b7a</sys_ui_section><sys_updated_by>admin</sys_updated_by><sys_updated_on>2025-09-02 15:49:54</sys_updated_on><sys_user/><type/></sys_ui_element><sys_ui_element action="INSERT_OR_UPDATE"><element>u_string_2</element><position>1</position><sys_created_by>admin</sys_created_by><sys_created_on>2025-09-02 15:49:54</sys_created_on><sys_id>0fcf44f4d8bf22107f4418c193b98bad</sys_id><sys_mod_count>0</sys_mod_count><sys_ui_formatter/><sys_ui_section caption="NULL" display_value="" name="u_budget" sys_domain="global" view="Default view">fdfd4034d8bf22107f4418c193b98b7a</sys_ui_section><sys_updated_by>admin</sys_updated_by><sys_updated_on>2025-09-02 15:49:54</sys_updated_on><sys_user/><type/></sys_ui_element><sys_ui_element action="INSERT_OR_UPDATE"><element>u_glide_date_time_3</element><position>2</position><sys_created_by>admin</sys_created_by><sys_created_on>2025-09-02 15:49:54</sys_created_on><sys_id>07cf44f4d8bf22107f4418c193b98bae</sys_id><sys_mod_count>0</sys_mod_count><sys_ui_formatter/><sys_ui_section caption="NULL" display_value="" name="u_budget" sys_domain="global" view="Default view">fdfd4034d8bf22107f4418c193b98b7a</sys_ui_section><sys_updated_by>admin</sys_updated_by><sys_updated_on>2025-09-02 15:49:54</sys_updated_on><sys_user/><type/></sys_ui_element><sys_ui_element action="INSERT_OR_UPDATE"><element>u_choice_6</element><position>3</position><sys_created_by>admin</sys_created_by><sys_created_on>2025-09-02 15:49:54</sys_created_on><sys_id>0fcf44f4d8bf22107f4418c193b98bae</sys_id><sys_mod_count>0</sys_mod_count><sys_ui_formatter/><sys_ui_section caption="NULL" display_value="" name="u_budget" sys_domain="global" view="Default view">fdfd4034d8bf22107f4418c193b98b7a</sys_ui_section><sys_updated_by>admin</sys_updated_by><sys_updated_on>2025-09-02 15:49:54</sys_updated_on><sys_user/><type/></sys_ui_element><sys_ui_element action="INSERT_OR_UPDATE"><element>.split</element><position>4</position><sys_created_by>admin</sys_created_by><sys_created_on>2025-09-02 15:49:54</sys_created_on><sys_id>07cf44f4d8bf22107f4418c193b98baf</sys_id><sys_mod_count>0</sys_mod_count><sys_ui_formatter/><sys_ui_section caption="NULL" display_value="" name="u_budget" sys_domain="global" view="Default view">fdfd4034d8bf22107f4418c193b98b7a</sys_ui_section><sys_updated_by>admin</sys_updated_by><sys_updated_on>2025-09-02 15:49:54</sys_updated_on><sys_user/><type>.split</type></sys_ui_element><sys_ui_element action="INSERT_OR_UPDATE"><element>u_decimal_4</element><position>5</position><sys_created_by>admin</sys_created_by><sys_created_on>2025-09-02 15:49:54</sys_created_on><sys_id>0fcf44f4d8bf22107f4418c193b98baf</sys_id><sys_mod_count>0</sys_mod_count><sys_ui_formatter/><sys_ui_section caption="NULL" display_value="" name="u_budget" sys_domain="global" view="Default view">fdfd4034d8bf22107f4418c193b98b7a</sys_ui_section><sys_updated_by>admin</sys_updated_by><sys_updated_on>2025-09-02 15:49:54</sys_updated_on><sys_user/><type/></sys_ui_element><sys_ui_element action="INSERT_OR_UPDATE"><element>u_decimal_5</element><position>6</position><sys_created_by>admin</sys_created_by><sys_created_on>2025-09-02 15:49:54</sys_created_on><sys_id>07cf44f4d8bf22107f4418c193b98bb0</sys_id><sys_mod_count>0</sys_mod_count><sys_ui_formatter/><sys_ui_section caption="NULL" display_value="" name="u_budget" sys_domain="global" view="Default view">fdfd4034d8bf22107f4418c193b98b7a</sys_ui_section><sys_updated_by>admin</sys_updated_by><sys_updated_on>2025-09-02 15:49:54</sys_updated_on><sys_user/><type/></sys_ui_element><sys_ui_section action="INSERT_OR_UPDATE"><caption/><header>false</header><name>u_budget</name><roles/><sys_class_name>sys_ui_section</sys_class_name><sys_created_by>admin</sys_created_by><sys_created_on>2025-09-02 15:41:53</sys_created_on><sys_domain>global</sys_domain><sys_domain_path>/</sys_domain_path><sys_id>fdfd4034d8bf22107f4418c193b98b7a</sys_id><sys_mod_count>0</sys_mod_count><sys_name>u_budget</sys_name><sys_overrides/><sys_package display_value="Student finance management" source="1b66be1674a722107f4433b6ca9e6b46">1b66be1674a722107f4433b6ca9e6b46</sys_package><sys_policy/><sys_scope display_value="Student finance management">1b66be1674a722107f4433b6ca9e6b46</sys_scope><sys_update_name>sys_ui_section_fdfd4034d8bf22107f4418c193b98b7a</sys_update_name><sys_updated_by>admin</sys_updated_by><sys_updated_on>2025-09-02 15:41:53</sys_updated_on><sys_user/><title>true</title><view display_value="Default view" name="NULL">Default view</view><view_name/></sys_ui_section></sys_ui_section></record_update>]]></payload>
        <payload_hash>-1767978710</payload_hash>
        <record_name>Budget</record_name>
        <reverted_from/>
        <source>2b951130dde222107f44f6dc15354ef3</source>
        <source_table>sys_update_set</source_table>
        <state>previous</state>
        <sys_created_by>admin</sys_created_by>
        <sys_created_on>2025-09-02 15:49:54</sys_created_on>
        <sys_id>0fcf44f4d8bf22107f4418c193b98bb2</sys_id>
        <sys_mod_count>0</sys_mod_count>
        <sys_recorded_at>1990b1ed6d30000001</sys_recorded_at>
        <sys_updated_by>admin</sys_updated_by>
        <sys_updated_on>2025-09-02 15:49:54</sys_updated_on>
        <type>Form Layout</type>
        <update_guid>c3cf44f4b4bf221081545fb461240ab2</update_guid>
        <update_guid_history>c3cf44f4b4bf221081545fb461240ab2:-1767978710,3dfd88342ebf22108636d5f06f974d61:1961582459</update_guid_history>
    </sys_update_version>
    <sys_metadata_delete action="INSERT_OR_UPDATE">
        <sys_audit_delete/>
        <sys_class_name>sys_metadata_delete</sys_class_name>
        <sys_created_by>admin</sys_created_by>
        <sys_created_on>2025-09-02 15:57:17</sys_created_on>
        <sys_db_object display_value="" name="sys_ui_section">sys_ui_section</sys_db_object>
        <sys_id>0016d7b949d44e5480cf0bfda5b7b3e4</sys_id>
        <sys_metadata>fdfd4034d8bf22107f4418c193b98b7a</sys_metadata>
        <sys_mod_count>0</sys_mod_count>
        <sys_name>u_budget</sys_name>
        <sys_package display_value="Student finance management" source="1b66be1674a722107f4433b6ca9e6b46">1b66be1674a722107f4433b6ca9e6b46</sys_package>
        <sys_parent display_value="">a39cc4b0d8bf22107f4418c193b98b0b</sys_parent>
        <sys_policy/>
        <sys_scope display_value="Student finance management">1b66be1674a722107f4433b6ca9e6b46</sys_scope>
        <sys_scope_delete display_value="">021be04b21d042f480da36b0846026c4</sys_scope_delete>
        <sys_update_name>sys_ui_section_fdfd4034d8bf22107f4418c193b98b7a</sys_update_name>
        <sys_update_version display_value="sys_ui_section_fdfd4034d8bf22107f4418c193b98b7a">0fcf44f4d8bf22107f4418c193b98bb2</sys_update_version>
        <sys_updated_by>admin</sys_updated_by>
        <sys_updated_on>2025-09-02 15:57:17</sys_updated_on>
    </sys_metadata_delete>
</record_update>
