<?xml version="1.0" encoding="UTF-8"?><record_update table="sys_db_object">
    <sys_db_object action="DELETE">
        <access>public</access>
        <actions_access>false</actions_access>
        <alter_access>false</alter_access>
        <caller_access/>
        <client_scripts_access>false</client_scripts_access>
        <configuration_access>false</configuration_access>
        <create_access>false</create_access>
        <create_access_controls>true</create_access_controls>
        <delete_access>false</delete_access>
        <filter_extension/>
        <is_extendable>false</is_extendable>
        <label>Budget</label>
        <live_feed_enabled>false</live_feed_enabled>
        <name>u_budget</name>
        <number_ref/>
        <provider_class/>
        <read_access>true</read_access>
        <scriptable_table>false</scriptable_table>
        <super_class/>
        <sys_class_name>sys_db_object</sys_class_name>
        <sys_created_by>admin</sys_created_by>
        <sys_created_on>2025-08-28 07:32:29</sys_created_on>
        <sys_id>abecac0b31a322107f44b6584209a5c6</sys_id>
        <sys_mod_count>0</sys_mod_count>
        <sys_name>Budget</sys_name>
        <sys_package display_value="Student finance management" source="1b66be1674a722107f4433b6ca9e6b46">1b66be1674a722107f4433b6ca9e6b46</sys_package>
        <sys_policy/>
        <sys_scope display_value="Student finance management">1b66be1674a722107f4433b6ca9e6b46</sys_scope>
        <sys_update_name>sys_db_object_abecac0b31a322107f44b6584209a5c6</sys_update_name>
        <sys_updated_by>admin</sys_updated_by>
        <sys_updated_on>2025-08-28 07:32:29</sys_updated_on>
        <update_access>false</update_access>
        <user_role display_value="u_budget_user" name="u_budget_user">23fdec0b31a322107f44b6584209a558</user_role>
        <ws_access>true</ws_access>
    </sys_db_object>
    <sys_update_version action="INSERT_OR_UPDATE">
        <action>DELETE</action>
        <application display_value="Student finance management">1b66be1674a722107f4433b6ca9e6b46</application>
        <file_path/>
        <instance_id>3aa94151979f66905382ff671153af42</instance_id>
        <instance_name>mav-aug-7844-0036</instance_name>
        <name>sys_db_object_abecac0b31a322107f44b6584209a5c6</name>
        <payload><![CDATA[<?xml version="1.0" encoding="UTF-8"?><record_update table="sys_db_object"><sys_db_object action="INSERT_OR_UPDATE"><access>public</access><actions_access>false</actions_access><alter_access>false</alter_access><caller_access/><client_scripts_access>false</client_scripts_access><configuration_access>false</configuration_access><create_access>false</create_access><create_access_controls>true</create_access_controls><delete_access>false</delete_access><filter_extension/><is_extendable>false</is_extendable><label>Budget</label><live_feed_enabled>false</live_feed_enabled><name>u_budget</name><number_ref/><provider_class/><read_access>true</read_access><scriptable_table>false</scriptable_table><super_class/><sys_class_name>sys_db_object</sys_class_name><sys_created_by>admin</sys_created_by><sys_created_on>2025-08-28 07:32:29</sys_created_on><sys_id>abecac0b31a322107f44b6584209a5c6</sys_id><sys_mod_count>0</sys_mod_count><sys_name>Budget</sys_name><sys_package display_value="Student finance management" source="1b66be1674a722107f4433b6ca9e6b46">1b66be1674a722107f4433b6ca9e6b46</sys_package><sys_policy/><sys_scope display_value="Student finance management">1b66be1674a722107f4433b6ca9e6b46</sys_scope><sys_update_name>sys_db_object_abecac0b31a322107f44b6584209a5c6</sys_update_name><sys_updated_by>admin</sys_updated_by><sys_updated_on>2025-08-28 07:32:29</sys_updated_on><update_access>false</update_access><user_role display_value="u_budget_user" name="u_budget_user">23fdec0b31a322107f44b6584209a558</user_role><ws_access>true</ws_access></sys_db_object></record_update>]]></payload>
        <payload_hash>-197177693</payload_hash>
        <record_name>Budget</record_name>
        <reverted_from/>
        <source>2b951130dde222107f44f6dc15354ef3</source>
        <source_table>sys_update_set</source_table>
        <state>previous</state>
        <sys_created_by>admin</sys_created_by>
        <sys_created_on>2025-08-28 07:32:31</sys_created_on>
        <sys_id>100e248b31a322107f44b6584209a54c</sys_id>
        <sys_mod_count>0</sys_mod_count>
        <sys_recorded_at>198ef97aa930000001</sys_recorded_at>
        <sys_updated_by>admin</sys_updated_by>
        <sys_updated_on>2025-08-28 07:32:31</sys_updated_on>
        <type>Table</type>
        <update_guid>140e248ba5a322103f89d6fcb5d7df4b</update_guid>
        <update_guid_history>140e248ba5a322103f89d6fcb5d7df4b:-197177693</update_guid_history>
    </sys_update_version>
    <sys_metadata_delete action="INSERT_OR_UPDATE">
        <sys_audit_delete/>
        <sys_class_name>sys_metadata_delete</sys_class_name>
        <sys_created_by>admin</sys_created_by>
        <sys_created_on>2025-09-02 15:33:58</sys_created_on>
        <sys_db_object display_value="" name="sys_db_object">sys_db_object</sys_db_object>
        <sys_id>00815c3f2ea94455801335c82c987cb1</sys_id>
        <sys_metadata>abecac0b31a322107f44b6584209a5c6</sys_metadata>
        <sys_mod_count>0</sys_mod_count>
        <sys_name>Budget</sys_name>
        <sys_package display_value="Student finance management" source="1b66be1674a722107f4433b6ca9e6b46">1b66be1674a722107f4433b6ca9e6b46</sys_package>
        <sys_parent/>
        <sys_policy/>
        <sys_scope display_value="Student finance management">1b66be1674a722107f4433b6ca9e6b46</sys_scope>
        <sys_scope_delete display_value="">021be04b21d042f480da36b0846026c4</sys_scope_delete>
        <sys_update_name>sys_db_object_abecac0b31a322107f44b6584209a5c6</sys_update_name>
        <sys_update_version display_value="sys_db_object_abecac0b31a322107f44b6584209a5c6">100e248b31a322107f44b6584209a54c</sys_update_version>
        <sys_updated_by>admin</sys_updated_by>
        <sys_updated_on>2025-09-02 15:33:58</sys_updated_on>
    </sys_metadata_delete>
</record_update>
