<?xml version="1.0" encoding="UTF-8"?><record_update table="sys_ux_app_route">
    <sys_ux_app_route action="DELETE">
        <app_config display_value="Stuent finance portal">c0d961c731e722107f44b6584209a5f4</app_config>
        <description/>
        <extension_point/>
        <fields>table,sysId</fields>
        <icon/>
        <name>Bookings</name>
        <optional_parameters>query,views,activityLogs,extraParams,fields,screen,selectedTabIndex,userPrefs</optional_parameters>
        <order>0</order>
        <parent_macroponent display_value="Workspace App Shell">c276387cc331101080d6d3658940ddd2</parent_macroponent>
        <parent_macroponent_composition_element_id/>
        <route_type>bookings</route_type>
        <screen_type display_value="Bookings">3e047c8520fb22107f44f98838e8b8ab</screen_type>
        <sys_class_name>sys_ux_app_route</sys_class_name>
        <sys_created_by>admin</sys_created_by>
        <sys_created_on>2025-09-03 13:06:45</sys_created_on>
        <sys_id>8f0430c520fb22107f44f98838e8b8be</sys_id>
        <sys_mod_count>1</sys_mod_count>
        <sys_name>Bookings</sys_name>
        <sys_package display_value="Student finance management" source="1b66be1674a722107f4433b6ca9e6b46">1b66be1674a722107f4433b6ca9e6b46</sys_package>
        <sys_policy/>
        <sys_scope display_value="Student finance management">1b66be1674a722107f4433b6ca9e6b46</sys_scope>
        <sys_update_name>sys_ux_app_route_8f0430c520fb22107f44f98838e8b8be</sys_update_name>
        <sys_updated_by>admin</sys_updated_by>
        <sys_updated_on>2025-09-03 13:09:13</sys_updated_on>
    </sys_ux_app_route>
    <sys_translated_text action="DELETE" query="documentkey=8f0430c520fb22107f44f98838e8b8be"/>
    <sys_update_version action="INSERT_OR_UPDATE">
        <action>DELETE</action>
        <application display_value="Student finance management">1b66be1674a722107f4433b6ca9e6b46</application>
        <file_path/>
        <instance_id>3aa94151979f66905382ff671153af42</instance_id>
        <instance_name>mav-aug-7844-0036</instance_name>
        <name>sys_ux_app_route_8f0430c520fb22107f44f98838e8b8be</name>
        <payload><![CDATA[<?xml version="1.0" encoding="UTF-8"?><record_update table="sys_ux_app_route"><sys_ux_app_route action="INSERT_OR_UPDATE"><app_config display_value="Stuent finance portal">c0d961c731e722107f44b6584209a5f4</app_config><description/><extension_point/><fields>table,sysId</fields><icon/><name>Bookings</name><optional_parameters>query,views,activityLogs,extraParams,fields,screen,selectedTabIndex,userPrefs</optional_parameters><order>0</order><parent_macroponent display_value="Workspace App Shell">c276387cc331101080d6d3658940ddd2</parent_macroponent><parent_macroponent_composition_element_id/><route_type>bookings</route_type><screen_type display_value="Bookings">3e047c8520fb22107f44f98838e8b8ab</screen_type><sys_class_name>sys_ux_app_route</sys_class_name><sys_created_by>admin</sys_created_by><sys_created_on>2025-09-03 13:06:45</sys_created_on><sys_id>8f0430c520fb22107f44f98838e8b8be</sys_id><sys_mod_count>1</sys_mod_count><sys_name>Bookings</sys_name><sys_package display_value="Student finance management" source="1b66be1674a722107f4433b6ca9e6b46">1b66be1674a722107f4433b6ca9e6b46</sys_package><sys_policy/><sys_scope display_value="Student finance management">1b66be1674a722107f4433b6ca9e6b46</sys_scope><sys_update_name>sys_ux_app_route_8f0430c520fb22107f44f98838e8b8be</sys_update_name><sys_updated_by>admin</sys_updated_by><sys_updated_on>2025-09-03 13:09:13</sys_updated_on></sys_ux_app_route><sys_translated_text action="delete_multiple" query="documentkey=8f0430c520fb22107f44f98838e8b8be"/></record_update>]]></payload>
        <payload_hash>-671295661</payload_hash>
        <record_name>Bookings</record_name>
        <reverted_from/>
        <source>2b951130dde222107f44f6dc15354ef3</source>
        <source_table>sys_update_set</source_table>
        <state>previous</state>
        <sys_created_by>admin</sys_created_by>
        <sys_created_on>2025-09-03 13:09:14</sys_created_on>
        <sys_id>df94b0c520fb22107f44f98838e8b86f</sys_id>
        <sys_mod_count>0</sys_mod_count>
        <sys_recorded_at>1990fb218f80000001</sys_recorded_at>
        <sys_updated_by>admin</sys_updated_by>
        <sys_updated_on>2025-09-03 13:09:14</sys_updated_on>
        <type>UX App Route</type>
        <update_guid>9794b0c54bfb221067cc610f2ae75b6f</update_guid>
        <update_guid_history>9794b0c54bfb221067cc610f2ae75b6f:-671295661,030430c504fb22104ec318f339c6abc1:1486053417</update_guid_history>
    </sys_update_version>
    <sys_metadata_delete action="INSERT_OR_UPDATE">
        <sys_audit_delete/>
        <sys_class_name>sys_metadata_delete</sys_class_name>
        <sys_created_by>admin</sys_created_by>
        <sys_created_on>2025-09-03 13:15:02</sys_created_on>
        <sys_db_object display_value="" name="sys_ux_app_route">sys_ux_app_route</sys_db_object>
        <sys_id>0ab8495c6c534b91822ca53999573389</sys_id>
        <sys_metadata>8f0430c520fb22107f44f98838e8b8be</sys_metadata>
        <sys_mod_count>0</sys_mod_count>
        <sys_name>Bookings</sys_name>
        <sys_package display_value="Student finance management" source="1b66be1674a722107f4433b6ca9e6b46">1b66be1674a722107f4433b6ca9e6b46</sys_package>
        <sys_parent/>
        <sys_policy/>
        <sys_scope display_value="Student finance management">1b66be1674a722107f4433b6ca9e6b46</sys_scope>
        <sys_scope_delete display_value="">021be04b21d042f480da36b0846026c4</sys_scope_delete>
        <sys_update_name>sys_ux_app_route_8f0430c520fb22107f44f98838e8b8be</sys_update_name>
        <sys_update_version display_value="sys_ux_app_route_8f0430c520fb22107f44f98838e8b8be">df94b0c520fb22107f44f98838e8b86f</sys_update_version>
        <sys_updated_by>admin</sys_updated_by>
        <sys_updated_on>2025-09-03 13:15:02</sys_updated_on>
    </sys_metadata_delete>
</record_update>
