<?xml version="1.0" encoding="UTF-8"?><record_update sys_domain="global" table="kb_article_template_definition">
    <kb_article_template_definition action="INSERT_OR_UPDATE">
        <active>true</active>
        <article_template display_value="Student Finance Article">3456230a4d3322107f4452cad5fc9413</article_template>
        <collapsible/>
        <column_label>Eligibility</column_label>
        <column_type>html</column_type>
        <field_style/>
        <heading_style/>
        <mandatory>false</mandatory>
        <order>2</order>
        <preview_text/>
        <sys_class_name>kb_article_template_definition</sys_class_name>
        <sys_created_by>admin</sys_created_by>
        <sys_created_on>2025-09-07 05:40:56</sys_created_on>
        <sys_domain>global</sys_domain>
        <sys_domain_path>/</sys_domain_path>
        <sys_id>61443b8a4d7322107f4452cad5fc948d</sys_id>
        <sys_mod_count>0</sys_mod_count>
        <sys_name>Eligibility</sys_name>
        <sys_package display_value="Student finance management" source="1b66be1674a722107f4433b6ca9e6b46">1b66be1674a722107f4433b6ca9e6b46</sys_package>
        <sys_policy/>
        <sys_scope display_value="Student finance management">1b66be1674a722107f4433b6ca9e6b46</sys_scope>
        <sys_update_name>kb_article_template_definition_61443b8a4d7322107f4452cad5fc948d</sys_update_name>
        <sys_updated_by>admin</sys_updated_by>
        <sys_updated_on>2025-09-07 05:40:56</sys_updated_on>
        <table_column>u_kb_eligibility</table_column>
    </kb_article_template_definition>
</record_update>
