<?xml version="1.0" encoding="UTF-8"?><record_update sys_domain="global" table="kb_article_template_definition">
    <kb_article_template_definition action="INSERT_OR_UPDATE">
        <active>true</active>
        <article_template display_value="Student Finance Article">3456230a4d3322107f4452cad5fc9413</article_template>
        <collapsible/>
        <column_label>Overview</column_label>
        <column_type>html</column_type>
        <field_style/>
        <heading_style/>
        <mandatory>true</mandatory>
        <order>1</order>
        <preview_text/>
        <sys_class_name>kb_article_template_definition</sys_class_name>
        <sys_created_by>admin</sys_created_by>
        <sys_created_on>2025-09-07 05:36:00</sys_created_on>
        <sys_domain>global</sys_domain>
        <sys_domain_path>/</sys_domain_path>
        <sys_id>3e92f70a4d7322107f4452cad5fc94e2</sys_id>
        <sys_mod_count>1</sys_mod_count>
        <sys_name>Overview</sys_name>
        <sys_package display_value="Student finance management" source="1b66be1674a722107f4433b6ca9e6b46">1b66be1674a722107f4433b6ca9e6b46</sys_package>
        <sys_policy/>
        <sys_scope display_value="Student finance management">1b66be1674a722107f4433b6ca9e6b46</sys_scope>
        <sys_update_name>kb_article_template_definition_3e92f70a4d7322107f4452cad5fc94e2</sys_update_name>
        <sys_updated_by>admin</sys_updated_by>
        <sys_updated_on>2025-09-07 05:40:27</sys_updated_on>
        <table_column>u_kb_article_body</table_column>
    </kb_article_template_definition>
</record_update>
