<?xml version="1.0" encoding="UTF-8"?><record_update sys_domain="global" table="kb_article_template">
    <kb_article_template action="INSERT_OR_UPDATE">
        <active>true</active>
        <answer_ref display_value="Student Finance Article">adb6eb0a4d3322107f4452cad5fc948e</answer_ref>
        <article_template>Student Finance Article</article_template>
        <child_table>u_kb_template_student_finance_article</child_table>
        <description/>
        <meta_description_field/>
        <sys_class_name>kb_article_template</sys_class_name>
        <sys_created_by>admin</sys_created_by>
        <sys_created_on>2025-09-07 04:41:14</sys_created_on>
        <sys_domain>global</sys_domain>
        <sys_domain_path>/</sys_domain_path>
        <sys_id>3456230a4d3322107f4452cad5fc9413</sys_id>
        <sys_mod_count>0</sys_mod_count>
        <sys_name>Student Finance Article</sys_name>
        <sys_package display_value="Student finance management" source="1b66be1674a722107f4433b6ca9e6b46">1b66be1674a722107f4433b6ca9e6b46</sys_package>
        <sys_policy/>
        <sys_scope display_value="Student finance management">1b66be1674a722107f4433b6ca9e6b46</sys_scope>
        <sys_update_name>kb_article_template_3456230a4d3322107f4452cad5fc9413</sys_update_name>
        <sys_updated_by>admin</sys_updated_by>
        <sys_updated_on>2025-09-07 04:41:14</sys_updated_on>
    </kb_article_template>
</record_update>
