<?xml version="1.0" encoding="UTF-8"?><record_update sys_domain="global" table="kb_uc_can_contribute_mtom">
    <kb_uc_can_contribute_mtom action="INSERT_OR_UPDATE">
        <kb_knowledge_base display_value="Student Finance Knowledge Base">9555ab864d3322107f4452cad5fc94df</kb_knowledge_base>
        <sys_class_name>kb_uc_can_contribute_mtom</sys_class_name>
        <sys_created_by>admin</sys_created_by>
        <sys_created_on>2025-09-07 04:35:50</sys_created_on>
        <sys_domain>global</sys_domain>
        <sys_domain_path>/</sys_domain_path>
        <sys_id>f975e3c64d3322107f4452cad5fc9476</sys_id>
        <sys_mod_count>0</sys_mod_count>
        <sys_name>Student Finance Knowledge Base.Has atleast one role apart from snc_internal KB</sys_name>
        <sys_package display_value="Student finance management" source="1b66be1674a722107f4433b6ca9e6b46">1b66be1674a722107f4433b6ca9e6b46</sys_package>
        <sys_policy/>
        <sys_scope display_value="Student finance management">1b66be1674a722107f4433b6ca9e6b46</sys_scope>
        <sys_update_name>kb_uc_can_contribute_mtom_f975e3c64d3322107f4452cad5fc9476</sys_update_name>
        <sys_updated_by>admin</sys_updated_by>
        <sys_updated_on>2025-09-07 04:35:50</sys_updated_on>
        <user_criteria display_value="Has atleast one role apart from snc_internal KB">f9397919f79d52507787d3e543bfd6cd</user_criteria>
    </kb_uc_can_contribute_mtom>
</record_update>
