<?xml version="1.0" encoding="UTF-8"?><record_update sys_domain="global" table="sys_ux_screen">
    <sys_ux_screen action="INSERT_OR_UPDATE">
        <active>true</active>
        <app_config display_value="Stuent finance portal">c0d961c731e722107f44b6584209a5f4</app_config>
        <description/>
        <disable_auto_reflow>true</disable_auto_reflow>
        <event_mappings/>
        <macroponent display_value="Default">52659228d8f322107f4418c193b98b4c</macroponent>
        <macroponent_config>{
    "bare": {
        "type": "JSON_LITERAL",
        "value": true
    },
    "headerLevel": {
        "type": "JSON_LITERAL",
        "value": "1"
    },
    "headingOnlyVisibleToScreenReaders": {
        "type": "JSON_LITERAL",
        "value": false
    },
    "interceptNotifications": {
        "type": "JSON_LITERAL",
        "value": false
    },
    "label": {
        "type": "JSON_LITERAL",
        "value": ""
    },
    "propagateNotifications": {
        "type": "JSON_LITERAL",
        "value": false
    },
    "scrollable": {
        "type": "JSON_LITERAL",
        "value": "y"
    }
}</macroponent_config>
        <name>Default</name>
        <order>0</order>
        <parent_macroponent display_value="Workspace App Shell">c276387cc331101080d6d3658940ddd2</parent_macroponent>
        <required_translations>[ ]</required_translations>
        <rollback_screen/>
        <screen_condition/>
        <screen_type display_value="Expenses">1e659228d8f322107f4418c193b98b46</screen_type>
        <sys_class_name>sys_ux_screen</sys_class_name>
        <sys_created_by>admin</sys_created_by>
        <sys_created_on>2025-09-02 06:55:12</sys_created_on>
        <sys_domain>global</sys_domain>
        <sys_domain_path>/</sys_domain_path>
        <sys_id>52659228d8f322107f4418c193b98b50</sys_id>
        <sys_mod_count>0</sys_mod_count>
        <sys_name>Default</sys_name>
        <sys_overrides/>
        <sys_package display_value="Student finance management" source="1b66be1674a722107f4433b6ca9e6b46">1b66be1674a722107f4433b6ca9e6b46</sys_package>
        <sys_policy/>
        <sys_scope display_value="Student finance management">1b66be1674a722107f4433b6ca9e6b46</sys_scope>
        <sys_update_name>sys_ux_screen_52659228d8f322107f4418c193b98b50</sys_update_name>
        <sys_updated_by>admin</sys_updated_by>
        <sys_updated_on>2025-09-02 06:55:12</sys_updated_on>
    </sys_ux_screen>
    <sys_translated_text action="delete_multiple" query="documentkey=52659228d8f322107f4418c193b98b50"/>
</record_update>
