<?xml version="1.0" encoding="UTF-8"?><record_update sys_domain="global" table="sys_ui_module">
    <sys_ui_module action="INSERT_OR_UPDATE">
        <active>true</active>
        <application display_value="Expense">8416bc4731e322107f44b6584209a5cd</application>
        <filter/>
        <name>Expenses</name>
        <order/>
        <path/>
        <path_relative_to_root>false</path_relative_to_root>
        <roles>u_expense_user</roles>
        <sys_class_name>sys_ui_module</sys_class_name>
        <sys_created_by>admin</sys_created_by>
        <sys_created_on>2025-08-28 08:07:43</sys_created_on>
        <sys_domain>global</sys_domain>
        <sys_domain_path>/</sys_domain_path>
        <sys_id>0016bc4731e322107f44b6584209a5d0</sys_id>
        <sys_mod_count>0</sys_mod_count>
        <sys_name>Expenses</sys_name>
        <sys_package display_value="Student finance management" source="1b66be1674a722107f4433b6ca9e6b46">1b66be1674a722107f4433b6ca9e6b46</sys_package>
        <sys_policy/>
        <sys_scope display_value="Student finance management">1b66be1674a722107f4433b6ca9e6b46</sys_scope>
        <sys_update_name>sys_ui_module_0016bc4731e322107f44b6584209a5d0</sys_update_name>
        <sys_updated_by>admin</sys_updated_by>
        <sys_updated_on>2025-08-28 08:07:43</sys_updated_on>
        <table>u_expense</table>
        <uncancelable>false</uncancelable>
        <view_name/>
    </sys_ui_module>
</record_update>
