<?xml version="1.0" encoding="UTF-8"?><record_update table="sys_ux_app_route">
    <sys_ux_app_route action="INSERT_OR_UPDATE">
        <app_config display_value="Student Finance Portal">5bafc547316722107f44b6584209a5da</app_config>
        <description/>
        <extension_point/>
        <fields/>
        <icon/>
        <name>Advisor Profile</name>
        <optional_parameters/>
        <order>5</order>
        <parent_macroponent/>
        <parent_macroponent_composition_element_id/>
        <route_type>advisor-profile</route_type>
        <screen_type display_value="Student Finance Pages">37ef8187316722107f44b6584209a5af</screen_type>
        <sys_class_name>sys_ux_app_route</sys_class_name>
        <sys_created_by>admin</sys_created_by>
        <sys_created_on>2025-08-28 10:51:05</sys_created_on>
        <sys_id>6f5b910731a722107f44b6584209a54f</sys_id>
        <sys_mod_count>1</sys_mod_count>
        <sys_name>Advisor Profile</sys_name>
        <sys_package display_value="Student finance management" source="1b66be1674a722107f4433b6ca9e6b46">1b66be1674a722107f4433b6ca9e6b46</sys_package>
        <sys_policy/>
        <sys_scope display_value="Student finance management">1b66be1674a722107f4433b6ca9e6b46</sys_scope>
        <sys_update_name>sys_ux_app_route_6f5b910731a722107f44b6584209a54f</sys_update_name>
        <sys_updated_by>admin</sys_updated_by>
        <sys_updated_on>2025-08-28 10:53:54</sys_updated_on>
    </sys_ux_app_route>
    <sys_translated_text action="delete_multiple" query="documentkey=6f5b910731a722107f44b6584209a54f"/>
</record_update>
