<?xml version="1.0" encoding="UTF-8"?><record_update table="sys_ux_app_route">
    <sys_ux_app_route action="INSERT_OR_UPDATE">
        <app_config display_value="Student Finance Management">b365d0cb312322107f44b6584209a597</app_config>
        <description/>
        <extension_point/>
        <fields/>
        <icon/>
        <name>Budget</name>
        <optional_parameters/>
        <order>0</order>
        <parent_macroponent display_value="Portal App Shell">b66bf1075b31101016fd7c1bf481c7a7</parent_macroponent>
        <parent_macroponent_composition_element_id/>
        <route_type>budget</route_type>
        <screen_type display_value="Budget">ed5df6503df322107f44d55d20141286</screen_type>
        <sys_class_name>sys_ux_app_route</sys_class_name>
        <sys_created_by>admin</sys_created_by>
        <sys_created_on>2025-09-01 15:11:09</sys_created_on>
        <sys_id>695d32903df322107f44d55d201412c4</sys_id>
        <sys_mod_count>0</sys_mod_count>
        <sys_name>Budget</sys_name>
        <sys_package display_value="Student finance management" source="1b66be1674a722107f4433b6ca9e6b46">1b66be1674a722107f4433b6ca9e6b46</sys_package>
        <sys_policy/>
        <sys_scope display_value="Student finance management">1b66be1674a722107f4433b6ca9e6b46</sys_scope>
        <sys_update_name>sys_ux_app_route_695d32903df322107f44d55d201412c4</sys_update_name>
        <sys_updated_by>admin</sys_updated_by>
        <sys_updated_on>2025-09-01 15:11:09</sys_updated_on>
    </sys_ux_app_route>
    <sys_translated_text action="delete_multiple" query="documentkey=695d32903df322107f44d55d201412c4"/>
</record_update>
