<?xml version="1.0" encoding="UTF-8"?><record_update table="sys_transform_map">
    <sys_transform_map action="INSERT_OR_UPDATE">
        <active>true</active>
        <copy_empty_fields>false</copy_empty_fields>
        <create_new_record_on_empty_coalesce_fields>false</create_new_record_on_empty_coalesce_fields>
        <enforce_mandatory_fields>No</enforce_mandatory_fields>
        <name>u_imp_tmpl_u_student</name>
        <order>100</order>
        <run_business_rules>true</run_business_rules>
        <run_script>false</run_script>
        <script><![CDATA[(function transformRow(source, target, map, log, isUpdate) {

	// Add your code here

})(source, target, map, log, action==="update");]]></script>
        <source_table>u_imp_tmpl_u_student</source_table>
        <sys_class_name>sys_transform_map</sys_class_name>
        <sys_created_by>admin</sys_created_by>
        <sys_created_on>2025-09-02 17:28:00</sys_created_on>
        <sys_id>ff36e034d83362107f4418c193b98bf6</sys_id>
        <sys_mod_count>0</sys_mod_count>
        <sys_name>u_imp_tmpl_u_student</sys_name>
        <sys_package display_value="Student finance management" source="1b66be1674a722107f4433b6ca9e6b46">1b66be1674a722107f4433b6ca9e6b46</sys_package>
        <sys_policy/>
        <sys_scope display_value="Student finance management">1b66be1674a722107f4433b6ca9e6b46</sys_scope>
        <sys_update_name>sys_transform_map_ff36e034d83362107f4418c193b98bf6</sys_update_name>
        <sys_updated_by>admin</sys_updated_by>
        <sys_updated_on>2025-09-02 17:28:00</sys_updated_on>
        <target_table>u_student</target_table>
    </sys_transform_map>
</record_update>
