<?xml version="1.0" encoding="UTF-8"?><record_update sys_domain="global" table="sys_ux_screen">
    <sys_ux_screen action="INSERT_OR_UPDATE">
        <active>true</active>
        <app_config/>
        <description>Manage monthly/weekly budgets by category.</description>
        <disable_auto_reflow>false</disable_auto_reflow>
        <event_mappings/>
        <macroponent display_value="Custom Layouts">ce59f6ea43f0311045ad9c7385b8f239</macroponent>
        <macroponent_config/>
        <name>Budget</name>
        <order>1</order>
        <parent_macroponent/>
        <required_translations>[ ]</required_translations>
        <rollback_screen/>
        <screen_condition/>
        <screen_type display_value="Student Finance Pages">37ef8187316722107f44b6584209a5af</screen_type>
        <sys_class_name>sys_ux_screen</sys_class_name>
        <sys_created_by>admin</sys_created_by>
        <sys_created_on>2025-08-28 10:03:46</sys_created_on>
        <sys_domain>global</sys_domain>
        <sys_domain_path>/</sys_domain_path>
        <sys_id>64801187316722107f44b6584209a528</sys_id>
        <sys_mod_count>1</sys_mod_count>
        <sys_name>Budget</sys_name>
        <sys_overrides/>
        <sys_package display_value="Student finance management" source="1b66be1674a722107f4433b6ca9e6b46">1b66be1674a722107f4433b6ca9e6b46</sys_package>
        <sys_policy/>
        <sys_scope display_value="Student finance management">1b66be1674a722107f4433b6ca9e6b46</sys_scope>
        <sys_update_name>sys_ux_screen_64801187316722107f44b6584209a528</sys_update_name>
        <sys_updated_by>admin</sys_updated_by>
        <sys_updated_on>2025-08-28 13:17:13</sys_updated_on>
    </sys_ux_screen>
    <sys_translated_text action="delete_multiple" query="documentkey=64801187316722107f44b6584209a528"/>
</record_update>
