<?xml version="1.0" encoding="UTF-8"?><record_update table="sys_user_role">
    <sys_user_role action="INSERT_OR_UPDATE">
        <assignable_by/>
        <can_delegate>true</can_delegate>
        <description/>
        <elevated_privilege>false</elevated_privilege>
        <grantable>true</grantable>
        <includes_roles/>
        <name>u_budget_user</name>
        <scoped_admin>false</scoped_admin>
        <suffix/>
        <sys_class_name>sys_user_role</sys_class_name>
        <sys_created_by>admin</sys_created_by>
        <sys_created_on>2025-08-28 07:32:28</sys_created_on>
        <sys_id>23fdec0b31a322107f44b6584209a558</sys_id>
        <sys_mod_count>0</sys_mod_count>
        <sys_name>u_budget_user</sys_name>
        <sys_package display_value="Student finance management" source="1b66be1674a722107f4433b6ca9e6b46">1b66be1674a722107f4433b6ca9e6b46</sys_package>
        <sys_policy/>
        <sys_scope display_value="Student finance management">1b66be1674a722107f4433b6ca9e6b46</sys_scope>
        <sys_update_name>sys_user_role_23fdec0b31a322107f44b6584209a558</sys_update_name>
        <sys_updated_by>admin</sys_updated_by>
        <sys_updated_on>2025-08-28 07:32:28</sys_updated_on>
    </sys_user_role>
</record_update>
