<?xml version="1.0" encoding="UTF-8"?><record_update table="sys_ux_app_route">
    <sys_ux_app_route action="INSERT_OR_UPDATE">
        <app_config display_value="Stuent finance portal">c0d961c731e722107f44b6584209a5f4</app_config>
        <description/>
        <extension_point/>
        <fields/>
        <icon/>
        <name>Expenses</name>
        <optional_parameters/>
        <order>0</order>
        <parent_macroponent display_value="Workspace App Shell">c276387cc331101080d6d3658940ddd2</parent_macroponent>
        <parent_macroponent_composition_element_id/>
        <route_type>expenses</route_type>
        <screen_type display_value="Expenses">1e659228d8f322107f4418c193b98b46</screen_type>
        <sys_class_name>sys_ux_app_route</sys_class_name>
        <sys_created_by>admin</sys_created_by>
        <sys_created_on>2025-09-02 06:55:12</sys_created_on>
        <sys_id>96659228d8f322107f4418c193b98b49</sys_id>
        <sys_mod_count>0</sys_mod_count>
        <sys_name>Expenses</sys_name>
        <sys_package display_value="Student finance management" source="1b66be1674a722107f4433b6ca9e6b46">1b66be1674a722107f4433b6ca9e6b46</sys_package>
        <sys_policy/>
        <sys_scope display_value="Student finance management">1b66be1674a722107f4433b6ca9e6b46</sys_scope>
        <sys_update_name>sys_ux_app_route_96659228d8f322107f4418c193b98b49</sys_update_name>
        <sys_updated_by>admin</sys_updated_by>
        <sys_updated_on>2025-09-02 06:55:12</sys_updated_on>
    </sys_ux_app_route>
    <sys_translated_text action="delete_multiple" query="documentkey=96659228d8f322107f4418c193b98b49"/>
</record_update>
