<?xml version="1.0" encoding="UTF-8"?><record_update>
    <sys_ui_section caption="Book an Appointment" section_id="02a8340b31e322107f44b6584209a5cb" sys_domain="global" table="u_booking" version="3" view="">
        <sys_ui_element action="INSERT_OR_UPDATE">
            <element>u_advisor</element>
            <position>0</position>
            <sys_created_by>admin</sys_created_by>
            <sys_created_on>2025-09-05 06:49:09</sys_created_on>
            <sys_id>fec0bd61c9f322107f4406a017f3c498</sys_id>
            <sys_mod_count>0</sys_mod_count>
            <sys_ui_formatter/>
            <sys_ui_section caption="Book an Appointment" display_value="Book an Appointment" name="u_booking" sys_domain="global" view="Default view">02a8340b31e322107f44b6584209a5cb</sys_ui_section>
            <sys_updated_by>admin</sys_updated_by>
            <sys_updated_on>2025-09-05 06:49:09</sys_updated_on>
            <sys_user/>
            <type/>
        </sys_ui_element>
        <sys_ui_element action="INSERT_OR_UPDATE">
            <element>u_reference_1</element>
            <position>1</position>
            <sys_created_by>admin</sys_created_by>
            <sys_created_on>2025-09-05 06:49:09</sys_created_on>
            <sys_id>f6c0bd61c9f322107f4406a017f3c499</sys_id>
            <sys_mod_count>0</sys_mod_count>
            <sys_ui_formatter/>
            <sys_ui_section caption="Book an Appointment" display_value="Book an Appointment" name="u_booking" sys_domain="global" view="Default view">02a8340b31e322107f44b6584209a5cb</sys_ui_section>
            <sys_updated_by>admin</sys_updated_by>
            <sys_updated_on>2025-09-05 06:49:09</sys_updated_on>
            <sys_user/>
            <type/>
        </sys_ui_element>
        <sys_ui_element action="INSERT_OR_UPDATE">
            <element>u_glide_date_time_2</element>
            <position>2</position>
            <sys_created_by>admin</sys_created_by>
            <sys_created_on>2025-09-05 06:49:09</sys_created_on>
            <sys_id>fec0bd61c9f322107f4406a017f3c499</sys_id>
            <sys_mod_count>0</sys_mod_count>
            <sys_ui_formatter/>
            <sys_ui_section caption="Book an Appointment" display_value="Book an Appointment" name="u_booking" sys_domain="global" view="Default view">02a8340b31e322107f44b6584209a5cb</sys_ui_section>
            <sys_updated_by>admin</sys_updated_by>
            <sys_updated_on>2025-09-05 06:49:09</sys_updated_on>
            <sys_user/>
            <type/>
        </sys_ui_element>
        <sys_ui_element action="INSERT_OR_UPDATE">
            <element>.split</element>
            <position>3</position>
            <sys_created_by>admin</sys_created_by>
            <sys_created_on>2025-09-05 06:49:09</sys_created_on>
            <sys_id>f6c0bd61c9f322107f4406a017f3c49a</sys_id>
            <sys_mod_count>0</sys_mod_count>
            <sys_ui_formatter/>
            <sys_ui_section caption="Book an Appointment" display_value="Book an Appointment" name="u_booking" sys_domain="global" view="Default view">02a8340b31e322107f44b6584209a5cb</sys_ui_section>
            <sys_updated_by>admin</sys_updated_by>
            <sys_updated_on>2025-09-05 06:49:09</sys_updated_on>
            <sys_user/>
            <type>.split</type>
        </sys_ui_element>
        <sys_ui_element action="INSERT_OR_UPDATE">
            <element>u_string_3</element>
            <position>4</position>
            <sys_created_by>admin</sys_created_by>
            <sys_created_on>2025-09-05 06:49:09</sys_created_on>
            <sys_id>fec0bd61c9f322107f4406a017f3c49a</sys_id>
            <sys_mod_count>0</sys_mod_count>
            <sys_ui_formatter/>
            <sys_ui_section caption="Book an Appointment" display_value="Book an Appointment" name="u_booking" sys_domain="global" view="Default view">02a8340b31e322107f44b6584209a5cb</sys_ui_section>
            <sys_updated_by>admin</sys_updated_by>
            <sys_updated_on>2025-09-05 06:49:09</sys_updated_on>
            <sys_user/>
            <type/>
        </sys_ui_element>
        <sys_ui_element action="INSERT_OR_UPDATE">
            <element>u_choice_4</element>
            <position>5</position>
            <sys_created_by>admin</sys_created_by>
            <sys_created_on>2025-09-05 06:49:09</sys_created_on>
            <sys_id>f6c0bd61c9f322107f4406a017f3c49b</sys_id>
            <sys_mod_count>0</sys_mod_count>
            <sys_ui_formatter/>
            <sys_ui_section caption="Book an Appointment" display_value="Book an Appointment" name="u_booking" sys_domain="global" view="Default view">02a8340b31e322107f44b6584209a5cb</sys_ui_section>
            <sys_updated_by>admin</sys_updated_by>
            <sys_updated_on>2025-09-05 06:49:09</sys_updated_on>
            <sys_user/>
            <type/>
        </sys_ui_element>
        <sys_ui_section action="INSERT_OR_UPDATE">
            <caption>Book an Appointment</caption>
            <header>false</header>
            <name>u_booking</name>
            <roles/>
            <sys_class_name>sys_ui_section</sys_class_name>
            <sys_created_by>admin</sys_created_by>
            <sys_created_on>2025-08-28 08:19:03</sys_created_on>
            <sys_domain>global</sys_domain>
            <sys_domain_path>/</sys_domain_path>
            <sys_id>02a8340b31e322107f44b6584209a5cb</sys_id>
            <sys_mod_count>1</sys_mod_count>
            <sys_name>u_booking</sys_name>
            <sys_overrides/>
            <sys_package display_value="Student finance management" source="1b66be1674a722107f4433b6ca9e6b46">1b66be1674a722107f4433b6ca9e6b46</sys_package>
            <sys_policy/>
            <sys_scope display_value="Student finance management">1b66be1674a722107f4433b6ca9e6b46</sys_scope>
            <sys_update_name>sys_ui_section_02a8340b31e322107f44b6584209a5cb</sys_update_name>
            <sys_updated_by>admin</sys_updated_by>
            <sys_updated_on>2025-09-03 13:31:11</sys_updated_on>
            <sys_user/>
            <title>true</title>
            <view display_value="Default view" name="NULL">Default view</view>
            <view_name/>
        </sys_ui_section>
    </sys_ui_section>
</record_update>
