<?xml version="1.0" encoding="UTF-8"?><record_update>
    <sys_documentation element="u_notify_by_email" label="Notify By Email" language="en" table="u_preference">
        <sys_documentation action="INSERT_OR_UPDATE">
            <element>u_notify_by_email</element>
            <help/>
            <hint/>
            <label>Notify By Email</label>
            <language>en</language>
            <name>u_preference</name>
            <plural>Notify By Emails</plural>
            <sys_class_name>sys_documentation</sys_class_name>
            <sys_created_by>admin</sys_created_by>
            <sys_created_on>2025-08-28 08:26:03</sys_created_on>
            <sys_mod_count>0</sys_mod_count>
            <sys_name>Notify By Email</sys_name>
            <sys_package display_value="Student finance management" source="1b66be1674a722107f4433b6ca9e6b46">1b66be1674a722107f4433b6ca9e6b46</sys_package>
            <sys_policy/>
            <sys_scope display_value="Student finance management">1b66be1674a722107f4433b6ca9e6b46</sys_scope>
            <sys_update_name>sys_documentation_u_preference_u_notify_by_email_en</sys_update_name>
            <sys_updated_by>admin</sys_updated_by>
            <sys_updated_on>2025-08-28 08:26:03</sys_updated_on>
            <url/>
            <url_target/>
        </sys_documentation>
    </sys_documentation>
</record_update>
