<?xml version="1.0" encoding="UTF-8"?><record_update table="sys_ui_view">
    <sys_ui_view action="INSERT_OR_UPDATE">
        <group/>
        <hidden>false</hidden>
        <name>amount</name>
        <roles/>
        <sys_class_name>sys_ui_view</sys_class_name>
        <sys_created_by>admin</sys_created_by>
        <sys_created_on>2025-09-05 08:09:04</sys_created_on>
        <sys_id>3d1302e9c93722107f4406a017f3c4af</sys_id>
        <sys_mod_count>0</sys_mod_count>
        <sys_name>aMOUNT</sys_name>
        <sys_package display_value="Student finance management" source="1b66be1674a722107f4433b6ca9e6b46">1b66be1674a722107f4433b6ca9e6b46</sys_package>
        <sys_policy/>
        <sys_scope display_value="Student finance management">1b66be1674a722107f4433b6ca9e6b46</sys_scope>
        <sys_update_name>sys_ui_view_3d1302e9c93722107f4406a017f3c4af</sys_update_name>
        <sys_updated_by>admin</sys_updated_by>
        <sys_updated_on>2025-09-05 08:09:04</sys_updated_on>
        <title>aMOUNT</title>
        <user/>
    </sys_ui_view>
</record_update>
