<?xml version="1.0" encoding="UTF-8"?><record_update table="sys_security_acl">
    <sys_security_acl action="INSERT_OR_UPDATE">
        <active>true</active>
        <admin_overrides>true</admin_overrides>
        <advanced>false</advanced>
        <applies_to/>
        <condition/>
        <controlled_by_refs/>
        <decision_type>allow</decision_type>
        <description>Default access control on u_advisor</description>
        <local_or_existing>Local</local_or_existing>
        <name>u_advisor</name>
        <operation display_value="create">create</operation>
        <script/>
        <security_attribute/>
        <sys_class_name>sys_security_acl</sys_class_name>
        <sys_created_by>admin</sys_created_by>
        <sys_created_on>2025-08-28 06:53:46</sys_created_on>
        <sys_id>3025288f316322107f44b6584209a548</sys_id>
        <sys_mod_count>0</sys_mod_count>
        <sys_name>u_advisor</sys_name>
        <sys_package display_value="Student finance management" source="1b66be1674a722107f4433b6ca9e6b46">1b66be1674a722107f4433b6ca9e6b46</sys_package>
        <sys_policy/>
        <sys_scope display_value="Student finance management">1b66be1674a722107f4433b6ca9e6b46</sys_scope>
        <sys_update_name>sys_security_acl_3025288f316322107f44b6584209a548</sys_update_name>
        <sys_updated_by>admin</sys_updated_by>
        <sys_updated_on>2025-08-28 06:53:46</sys_updated_on>
        <type display_value="record">record</type>
    </sys_security_acl>
</record_update>
