<?xml version="1.0" encoding="UTF-8"?><record_update sys_domain="global" table="sys_ui_application">
    <sys_ui_application action="INSERT_OR_UPDATE">
        <active>true</active>
        <hint/>
        <name>Advisor</name>
        <order/>
        <roles>u_advisor_user</roles>
        <sys_class_name>sys_ui_application</sys_class_name>
        <sys_created_by>admin</sys_created_by>
        <sys_created_on>2025-08-28 06:53:46</sys_created_on>
        <sys_domain>global</sys_domain>
        <sys_domain_path>/</sys_domain_path>
        <sys_id>bc25288f316322107f44b6584209a542</sys_id>
        <sys_mod_count>0</sys_mod_count>
        <sys_name>Advisor</sys_name>
        <sys_overrides/>
        <sys_package display_value="Student finance management" source="1b66be1674a722107f4433b6ca9e6b46">1b66be1674a722107f4433b6ca9e6b46</sys_package>
        <sys_policy/>
        <sys_scope display_value="Student finance management">1b66be1674a722107f4433b6ca9e6b46</sys_scope>
        <sys_update_name>sys_ui_application_bc25288f316322107f44b6584209a542</sys_update_name>
        <sys_updated_by>admin</sys_updated_by>
        <sys_updated_on>2025-08-28 06:53:46</sys_updated_on>
    </sys_ui_application>
</record_update>
