<?xml version="1.0" encoding="UTF-8"?><record_update table="sys_number">
    <sys_number action="INSERT_OR_UPDATE">
        <category display_value="" name="u_student">u_student</category>
        <maximum_digits>7</maximum_digits>
        <number>1000</number>
        <prefix>STU</prefix>
        <sys_class_name>sys_number</sys_class_name>
        <sys_created_by>admin</sys_created_by>
        <sys_created_on>2025-09-02 17:14:12</sys_created_on>
        <sys_id>8613a030d83362107f4418c193b98b0a</sys_id>
        <sys_mod_count>0</sys_mod_count>
        <sys_name>STU</sys_name>
        <sys_package display_value="Student finance management" source="1b66be1674a722107f4433b6ca9e6b46">1b66be1674a722107f4433b6ca9e6b46</sys_package>
        <sys_policy/>
        <sys_scope display_value="Student finance management">1b66be1674a722107f4433b6ca9e6b46</sys_scope>
        <sys_update_name>sys_number_8613a030d83362107f4418c193b98b0a</sys_update_name>
        <sys_updated_by>admin</sys_updated_by>
        <sys_updated_on>2025-09-02 17:14:12</sys_updated_on>
    </sys_number>
</record_update>
