<?xml version="1.0" encoding="UTF-8"?><record_update>
    <sys_ui_list parent="" relationship="" sys_domain="global" table="u_advisor" version="2" view="sys_ref_list">
        <sys_ui_list_element action="INSERT_OR_UPDATE">
            <average_value>false</average_value>
            <element>u_reference_3</element>
            <list_id display_value="u_advisor" element="NULL" name="u_advisor" parent="NULL" relationship="NULL" sys_domain="global" view="a15e8170dd2222107f44f6dc15354ec0">3009d775bcb722107f44c7dd9b190ed6</list_id>
            <max_value>false</max_value>
            <min_value>false</min_value>
            <position>0</position>
            <sum>false</sum>
            <sys_created_by>admin</sys_created_by>
            <sys_created_on>2025-09-06 09:02:57</sys_created_on>
            <sys_id>3c09d775bcb722107f44c7dd9b190ed6</sys_id>
            <sys_mod_count>0</sys_mod_count>
            <sys_updated_by>admin</sys_updated_by>
            <sys_updated_on>2025-09-06 09:02:57</sys_updated_on>
        </sys_ui_list_element>
        <sys_ui_list_element action="INSERT_OR_UPDATE">
            <average_value>false</average_value>
            <element>u_string_4</element>
            <list_id display_value="u_advisor" element="NULL" name="u_advisor" parent="NULL" relationship="NULL" sys_domain="global" view="a15e8170dd2222107f44f6dc15354ec0">3009d775bcb722107f44c7dd9b190ed6</list_id>
            <max_value>false</max_value>
            <min_value>false</min_value>
            <position>1</position>
            <sum>false</sum>
            <sys_created_by>admin</sys_created_by>
            <sys_created_on>2025-09-06 09:02:57</sys_created_on>
            <sys_id>3009d775bcb722107f44c7dd9b190ed7</sys_id>
            <sys_mod_count>0</sys_mod_count>
            <sys_updated_by>admin</sys_updated_by>
            <sys_updated_on>2025-09-06 09:02:57</sys_updated_on>
        </sys_ui_list_element>
        <sys_ui_list_element action="INSERT_OR_UPDATE">
            <average_value>false</average_value>
            <element>u_glide_date_time_1</element>
            <list_id display_value="u_advisor" element="NULL" name="u_advisor" parent="NULL" relationship="NULL" sys_domain="global" view="a15e8170dd2222107f44f6dc15354ec0">3009d775bcb722107f44c7dd9b190ed6</list_id>
            <max_value>false</max_value>
            <min_value>false</min_value>
            <position>2</position>
            <sum>false</sum>
            <sys_created_by>admin</sys_created_by>
            <sys_created_on>2025-09-06 09:02:57</sys_created_on>
            <sys_id>3409d775bcb722107f44c7dd9b190ed7</sys_id>
            <sys_mod_count>0</sys_mod_count>
            <sys_updated_by>admin</sys_updated_by>
            <sys_updated_on>2025-09-06 09:02:57</sys_updated_on>
        </sys_ui_list_element>
        <sys_ui_list_element action="INSERT_OR_UPDATE">
            <average_value>false</average_value>
            <element>u_email</element>
            <list_id display_value="u_advisor" element="NULL" name="u_advisor" parent="NULL" relationship="NULL" sys_domain="global" view="a15e8170dd2222107f44f6dc15354ec0">3009d775bcb722107f44c7dd9b190ed6</list_id>
            <max_value>false</max_value>
            <min_value>false</min_value>
            <position>3</position>
            <sum>false</sum>
            <sys_created_by>admin</sys_created_by>
            <sys_created_on>2025-09-06 09:02:57</sys_created_on>
            <sys_id>3809d775bcb722107f44c7dd9b190ed7</sys_id>
            <sys_mod_count>0</sys_mod_count>
            <sys_updated_by>admin</sys_updated_by>
            <sys_updated_on>2025-09-06 09:02:57</sys_updated_on>
        </sys_ui_list_element>
        <sys_ui_list_element action="INSERT_OR_UPDATE">
            <average_value>false</average_value>
            <element>u_bio</element>
            <list_id display_value="u_advisor" element="NULL" name="u_advisor" parent="NULL" relationship="NULL" sys_domain="global" view="a15e8170dd2222107f44f6dc15354ec0">3009d775bcb722107f44c7dd9b190ed6</list_id>
            <max_value>false</max_value>
            <min_value>false</min_value>
            <position>4</position>
            <sum>false</sum>
            <sys_created_by>admin</sys_created_by>
            <sys_created_on>2025-09-06 09:02:57</sys_created_on>
            <sys_id>3c09d775bcb722107f44c7dd9b190ed7</sys_id>
            <sys_mod_count>0</sys_mod_count>
            <sys_updated_by>admin</sys_updated_by>
            <sys_updated_on>2025-09-06 09:02:57</sys_updated_on>
        </sys_ui_list_element>
        <sys_ui_list_element action="INSERT_OR_UPDATE">
            <average_value>false</average_value>
            <element>u_active</element>
            <list_id display_value="u_advisor" element="NULL" name="u_advisor" parent="NULL" relationship="NULL" sys_domain="global" view="a15e8170dd2222107f44f6dc15354ec0">3009d775bcb722107f44c7dd9b190ed6</list_id>
            <max_value>false</max_value>
            <min_value>false</min_value>
            <position>5</position>
            <sum>false</sum>
            <sys_created_by>admin</sys_created_by>
            <sys_created_on>2025-09-06 09:02:57</sys_created_on>
            <sys_id>3009d775bcb722107f44c7dd9b190ed8</sys_id>
            <sys_mod_count>0</sys_mod_count>
            <sys_updated_by>admin</sys_updated_by>
            <sys_updated_on>2025-09-06 09:02:57</sys_updated_on>
        </sys_ui_list_element>
        <sys_ui_list action="INSERT_OR_UPDATE">
            <average_value>false</average_value>
            <element/>
            <max_value>false</max_value>
            <min_value>false</min_value>
            <name>u_advisor</name>
            <parent/>
            <position/>
            <relationship/>
            <sum>false</sum>
            <sys_class_name>sys_ui_list</sys_class_name>
            <sys_created_by>admin</sys_created_by>
            <sys_created_on>2025-09-06 09:02:57</sys_created_on>
            <sys_domain>global</sys_domain>
            <sys_domain_path>/</sys_domain_path>
            <sys_id>3009d775bcb722107f44c7dd9b190ed6</sys_id>
            <sys_mod_count>0</sys_mod_count>
            <sys_name>u_advisor</sys_name>
            <sys_package display_value="Student finance management" source="1b66be1674a722107f4433b6ca9e6b46">1b66be1674a722107f4433b6ca9e6b46</sys_package>
            <sys_policy/>
            <sys_scope display_value="Student finance management">1b66be1674a722107f4433b6ca9e6b46</sys_scope>
            <sys_update_name>sys_ui_list_u_advisor_sys_ref_list</sys_update_name>
            <sys_updated_by>admin</sys_updated_by>
            <sys_updated_on>2025-09-06 09:02:57</sys_updated_on>
            <sys_user/>
            <view display_value="Reference List" name="sys_ref_list">a15e8170dd2222107f44f6dc15354ec0</view>
            <view_name/>
        </sys_ui_list>
    </sys_ui_list>
</record_update>
