<?xml version="1.0" encoding="UTF-8"?><record_update sys_domain="global" table="sys_ux_screen">
    <sys_ux_screen action="INSERT_OR_UPDATE">
        <active>true</active>
        <app_config/>
        <description>Track daily expenses with quick add and history.</description>
        <disable_auto_reflow>false</disable_auto_reflow>
        <event_mappings/>
        <macroponent display_value="List">2c08111d0fc21010036a83fa68767ef6</macroponent>
        <macroponent_config/>
        <name>Expenses</name>
        <order>2</order>
        <parent_macroponent/>
        <required_translations>[ ]</required_translations>
        <rollback_screen/>
        <screen_condition/>
        <screen_type display_value="Student Finance Pages">37ef8187316722107f44b6584209a5af</screen_type>
        <sys_class_name>sys_ux_screen</sys_class_name>
        <sys_created_by>admin</sys_created_by>
        <sys_created_on>2025-08-28 10:04:33</sys_created_on>
        <sys_domain>global</sys_domain>
        <sys_domain_path>/</sys_domain_path>
        <sys_id>00b0dd07316722107f44b6584209a5e4</sys_id>
        <sys_mod_count>0</sys_mod_count>
        <sys_name>Expenses</sys_name>
        <sys_overrides/>
        <sys_package display_value="Student finance management" source="1b66be1674a722107f4433b6ca9e6b46">1b66be1674a722107f4433b6ca9e6b46</sys_package>
        <sys_policy/>
        <sys_scope display_value="Student finance management">1b66be1674a722107f4433b6ca9e6b46</sys_scope>
        <sys_update_name>sys_ux_screen_00b0dd07316722107f44b6584209a5e4</sys_update_name>
        <sys_updated_by>admin</sys_updated_by>
        <sys_updated_on>2025-08-28 10:04:33</sys_updated_on>
    </sys_ux_screen>
    <sys_translated_text action="delete_multiple" query="documentkey=00b0dd07316722107f44b6584209a5e4"/>
</record_update>
