<?xml version="1.0" encoding="UTF-8"?><record_update table="sys_ux_screen_type">
    <sys_ux_screen_type action="INSERT_OR_UPDATE">
        <description/>
        <name>Expenses</name>
        <sys_class_name>sys_ux_screen_type</sys_class_name>
        <sys_created_by>admin</sys_created_by>
        <sys_created_on>2025-09-02 06:55:12</sys_created_on>
        <sys_id>1e659228d8f322107f4418c193b98b46</sys_id>
        <sys_mod_count>0</sys_mod_count>
        <sys_name>Expenses</sys_name>
        <sys_package display_value="Student finance management" source="1b66be1674a722107f4433b6ca9e6b46">1b66be1674a722107f4433b6ca9e6b46</sys_package>
        <sys_policy/>
        <sys_scope display_value="Student finance management">1b66be1674a722107f4433b6ca9e6b46</sys_scope>
        <sys_update_name>sys_ux_screen_type_1e659228d8f322107f4418c193b98b46</sys_update_name>
        <sys_updated_by>admin</sys_updated_by>
        <sys_updated_on>2025-09-02 06:55:12</sys_updated_on>
    </sys_ux_screen_type>
    <sys_translated_text action="delete_multiple" query="documentkey=1e659228d8f322107f4418c193b98b46"/>
</record_update>
