<?xml version="1.0" encoding="UTF-8"?><record_update table="sys_security_acl_role">
    <sys_security_acl_role action="INSERT_OR_UPDATE">
        <sys_class_name>sys_security_acl_role</sys_class_name>
        <sys_created_by>admin</sys_created_by>
        <sys_created_on>2025-09-06 06:15:08</sys_created_on>
        <sys_id>de9276f1bcf322107f44c7dd9b190eb0</sys_id>
        <sys_mod_count>0</sys_mod_count>
        <sys_name>AutoPopulationBudget.admin</sys_name>
        <sys_package display_value="Student finance management" source="1b66be1674a722107f4433b6ca9e6b46">1b66be1674a722107f4433b6ca9e6b46</sys_package>
        <sys_policy/>
        <sys_scope display_value="Student finance management">1b66be1674a722107f4433b6ca9e6b46</sys_scope>
        <sys_security_acl display_value="AutoPopulationBudget">5a9276f1bcf322107f44c7dd9b190eaa</sys_security_acl>
        <sys_update_name>sys_security_acl_role_de9276f1bcf322107f44c7dd9b190eb0</sys_update_name>
        <sys_updated_by>admin</sys_updated_by>
        <sys_updated_on>2025-09-06 06:15:08</sys_updated_on>
        <sys_user_role display_value="admin" name="admin">2831a114c611228501d4ea6c309d626d</sys_user_role>
    </sys_security_acl_role>
</record_update>
