<?xml version="1.0" encoding="UTF-8"?><record_update>
    <sys_ui_list parent="" relationship="" sys_domain="global" table="u_booking" version="2" view="">
        <sys_ui_list_element action="INSERT_OR_UPDATE">
            <average_value>false</average_value>
            <element>u_advisor</element>
            <list_id display_value="u_booking" element="NULL" name="u_booking" parent="NULL" relationship="NULL" sys_domain="global" view="Default view">af7953b5bcb722107f44c7dd9b190ed6</list_id>
            <max_value>false</max_value>
            <min_value>false</min_value>
            <position>0</position>
            <sum>false</sum>
            <sys_created_by>admin</sys_created_by>
            <sys_created_on>2025-09-06 09:05:03</sys_created_on>
            <sys_id>ab7953b5bcb722107f44c7dd9b190ed7</sys_id>
            <sys_mod_count>0</sys_mod_count>
            <sys_updated_by>admin</sys_updated_by>
            <sys_updated_on>2025-09-06 09:05:03</sys_updated_on>
        </sys_ui_list_element>
        <sys_ui_list_element action="INSERT_OR_UPDATE">
            <average_value>false</average_value>
            <element>u_choice_4</element>
            <list_id display_value="u_booking" element="NULL" name="u_booking" parent="NULL" relationship="NULL" sys_domain="global" view="Default view">af7953b5bcb722107f44c7dd9b190ed6</list_id>
            <max_value>false</max_value>
            <min_value>false</min_value>
            <position>1</position>
            <sum>false</sum>
            <sys_created_by>admin</sys_created_by>
            <sys_created_on>2025-09-06 09:05:03</sys_created_on>
            <sys_id>af7953b5bcb722107f44c7dd9b190ed7</sys_id>
            <sys_mod_count>0</sys_mod_count>
            <sys_updated_by>admin</sys_updated_by>
            <sys_updated_on>2025-09-06 09:05:03</sys_updated_on>
        </sys_ui_list_element>
        <sys_ui_list_element action="INSERT_OR_UPDATE">
            <average_value>false</average_value>
            <element>u_comments</element>
            <list_id display_value="u_booking" element="NULL" name="u_booking" parent="NULL" relationship="NULL" sys_domain="global" view="Default view">af7953b5bcb722107f44c7dd9b190ed6</list_id>
            <max_value>false</max_value>
            <min_value>false</min_value>
            <position>2</position>
            <sum>false</sum>
            <sys_created_by>admin</sys_created_by>
            <sys_created_on>2025-09-06 09:05:03</sys_created_on>
            <sys_id>a37953b5bcb722107f44c7dd9b190ed8</sys_id>
            <sys_mod_count>0</sys_mod_count>
            <sys_updated_by>admin</sys_updated_by>
            <sys_updated_on>2025-09-06 09:05:03</sys_updated_on>
        </sys_ui_list_element>
        <sys_ui_list_element action="INSERT_OR_UPDATE">
            <average_value>false</average_value>
            <element>u_date</element>
            <list_id display_value="u_booking" element="NULL" name="u_booking" parent="NULL" relationship="NULL" sys_domain="global" view="Default view">af7953b5bcb722107f44c7dd9b190ed6</list_id>
            <max_value>false</max_value>
            <min_value>false</min_value>
            <position>3</position>
            <sum>false</sum>
            <sys_created_by>admin</sys_created_by>
            <sys_created_on>2025-09-06 09:05:03</sys_created_on>
            <sys_id>a77953b5bcb722107f44c7dd9b190ed8</sys_id>
            <sys_mod_count>0</sys_mod_count>
            <sys_updated_by>admin</sys_updated_by>
            <sys_updated_on>2025-09-06 09:05:03</sys_updated_on>
        </sys_ui_list_element>
        <sys_ui_list_element action="INSERT_OR_UPDATE">
            <average_value>false</average_value>
            <element>u_end</element>
            <list_id display_value="u_booking" element="NULL" name="u_booking" parent="NULL" relationship="NULL" sys_domain="global" view="Default view">af7953b5bcb722107f44c7dd9b190ed6</list_id>
            <max_value>false</max_value>
            <min_value>false</min_value>
            <position>4</position>
            <sum>false</sum>
            <sys_created_by>admin</sys_created_by>
            <sys_created_on>2025-09-06 09:05:03</sys_created_on>
            <sys_id>ab7953b5bcb722107f44c7dd9b190ed8</sys_id>
            <sys_mod_count>0</sys_mod_count>
            <sys_updated_by>admin</sys_updated_by>
            <sys_updated_on>2025-09-06 09:05:03</sys_updated_on>
        </sys_ui_list_element>
        <sys_ui_list_element action="INSERT_OR_UPDATE">
            <average_value>false</average_value>
            <element>u_glide_date_time_2</element>
            <list_id display_value="u_booking" element="NULL" name="u_booking" parent="NULL" relationship="NULL" sys_domain="global" view="Default view">af7953b5bcb722107f44c7dd9b190ed6</list_id>
            <max_value>false</max_value>
            <min_value>false</min_value>
            <position>5</position>
            <sum>false</sum>
            <sys_created_by>admin</sys_created_by>
            <sys_created_on>2025-09-06 09:05:03</sys_created_on>
            <sys_id>af7953b5bcb722107f44c7dd9b190ed8</sys_id>
            <sys_mod_count>0</sys_mod_count>
            <sys_updated_by>admin</sys_updated_by>
            <sys_updated_on>2025-09-06 09:05:03</sys_updated_on>
        </sys_ui_list_element>
        <sys_ui_list_element action="INSERT_OR_UPDATE">
            <average_value>false</average_value>
            <element>u_notes</element>
            <list_id display_value="u_booking" element="NULL" name="u_booking" parent="NULL" relationship="NULL" sys_domain="global" view="Default view">af7953b5bcb722107f44c7dd9b190ed6</list_id>
            <max_value>false</max_value>
            <min_value>false</min_value>
            <position>6</position>
            <sum>false</sum>
            <sys_created_by>admin</sys_created_by>
            <sys_created_on>2025-09-06 09:05:03</sys_created_on>
            <sys_id>a37953b5bcb722107f44c7dd9b190ed9</sys_id>
            <sys_mod_count>0</sys_mod_count>
            <sys_updated_by>admin</sys_updated_by>
            <sys_updated_on>2025-09-06 09:05:03</sys_updated_on>
        </sys_ui_list_element>
        <sys_ui_list_element action="INSERT_OR_UPDATE">
            <average_value>false</average_value>
            <element>u_reference_1</element>
            <list_id display_value="u_booking" element="NULL" name="u_booking" parent="NULL" relationship="NULL" sys_domain="global" view="Default view">af7953b5bcb722107f44c7dd9b190ed6</list_id>
            <max_value>false</max_value>
            <min_value>false</min_value>
            <position>7</position>
            <sum>false</sum>
            <sys_created_by>admin</sys_created_by>
            <sys_created_on>2025-09-06 09:05:03</sys_created_on>
            <sys_id>a77953b5bcb722107f44c7dd9b190ed9</sys_id>
            <sys_mod_count>0</sys_mod_count>
            <sys_updated_by>admin</sys_updated_by>
            <sys_updated_on>2025-09-06 09:05:03</sys_updated_on>
        </sys_ui_list_element>
        <sys_ui_list_element action="INSERT_OR_UPDATE">
            <average_value>false</average_value>
            <element>u_start</element>
            <list_id display_value="u_booking" element="NULL" name="u_booking" parent="NULL" relationship="NULL" sys_domain="global" view="Default view">af7953b5bcb722107f44c7dd9b190ed6</list_id>
            <max_value>false</max_value>
            <min_value>false</min_value>
            <position>8</position>
            <sum>false</sum>
            <sys_created_by>admin</sys_created_by>
            <sys_created_on>2025-09-06 09:05:03</sys_created_on>
            <sys_id>ab7953b5bcb722107f44c7dd9b190ed9</sys_id>
            <sys_mod_count>0</sys_mod_count>
            <sys_updated_by>admin</sys_updated_by>
            <sys_updated_on>2025-09-06 09:05:03</sys_updated_on>
        </sys_ui_list_element>
        <sys_ui_list_element action="INSERT_OR_UPDATE">
            <average_value>false</average_value>
            <element>u_status</element>
            <list_id display_value="u_booking" element="NULL" name="u_booking" parent="NULL" relationship="NULL" sys_domain="global" view="Default view">af7953b5bcb722107f44c7dd9b190ed6</list_id>
            <max_value>false</max_value>
            <min_value>false</min_value>
            <position>9</position>
            <sum>false</sum>
            <sys_created_by>admin</sys_created_by>
            <sys_created_on>2025-09-06 09:05:03</sys_created_on>
            <sys_id>af7953b5bcb722107f44c7dd9b190ed9</sys_id>
            <sys_mod_count>0</sys_mod_count>
            <sys_updated_by>admin</sys_updated_by>
            <sys_updated_on>2025-09-06 09:05:03</sys_updated_on>
        </sys_ui_list_element>
        <sys_ui_list action="INSERT_OR_UPDATE">
            <average_value>false</average_value>
            <element/>
            <max_value>false</max_value>
            <min_value>false</min_value>
            <name>u_booking</name>
            <parent/>
            <position/>
            <relationship/>
            <sum>false</sum>
            <sys_class_name>sys_ui_list</sys_class_name>
            <sys_created_by>admin</sys_created_by>
            <sys_created_on>2025-09-06 09:05:03</sys_created_on>
            <sys_domain>global</sys_domain>
            <sys_domain_path>/</sys_domain_path>
            <sys_id>af7953b5bcb722107f44c7dd9b190ed6</sys_id>
            <sys_mod_count>0</sys_mod_count>
            <sys_name>u_booking</sys_name>
            <sys_package display_value="Student finance management" source="1b66be1674a722107f4433b6ca9e6b46">1b66be1674a722107f4433b6ca9e6b46</sys_package>
            <sys_policy/>
            <sys_scope display_value="Student finance management">1b66be1674a722107f4433b6ca9e6b46</sys_scope>
            <sys_update_name>sys_ui_list_u_booking_null</sys_update_name>
            <sys_updated_by>admin</sys_updated_by>
            <sys_updated_on>2025-09-06 09:05:03</sys_updated_on>
            <sys_user/>
            <view display_value="Default view" name="NULL">Default view</view>
            <view_name/>
        </sys_ui_list>
    </sys_ui_list>
</record_update>
