<?xml version="1.0" encoding="UTF-8"?><record_update sys_domain="global" table="sys_data_policy2">
    <sys_data_policy2 action="INSERT_OR_UPDATE">
        <active>true</active>
        <apply_import_set>true</apply_import_set>
        <apply_soap>true</apply_soap>
        <conditions table="kb_knowledge">kb_knowledge_base=9555ab864d3322107f4452cad5fc94df^EQ<item display_table="kb_knowledge_base" display_value="Student Finance Knowledge Base" endquery="false" field="kb_knowledge_base" goto="false" newquery="false" operator="=" or="false" value="9555ab864d3322107f4452cad5fc94df"/>
            <item endquery="true" field="" goto="false" newquery="false" operator="=" or="false" value=""/>
        </conditions>
        <description/>
        <enforce_ui>true</enforce_ui>
        <inherit>false</inherit>
        <model_id/>
        <model_table>kb_knowledge</model_table>
        <reverse_if_false>true</reverse_if_false>
        <short_description>Data policy for Student Finance Knowledge Base knowledge base</short_description>
        <sys_class_name>sys_data_policy2</sys_class_name>
        <sys_created_by>admin</sys_created_by>
        <sys_created_on>2025-09-07 04:35:49</sys_created_on>
        <sys_domain>global</sys_domain>
        <sys_domain_path>/</sys_domain_path>
        <sys_id>257523c64d3322107f4452cad5fc94cf</sys_id>
        <sys_mod_count>0</sys_mod_count>
        <sys_name>Data policy for Student Finance Knowledge Base knowledge base</sys_name>
        <sys_overrides/>
        <sys_package display_value="Student finance management" source="1b66be1674a722107f4433b6ca9e6b46">1b66be1674a722107f4433b6ca9e6b46</sys_package>
        <sys_policy/>
        <sys_scope display_value="Student finance management">1b66be1674a722107f4433b6ca9e6b46</sys_scope>
        <sys_update_name>sys_data_policy2_257523c64d3322107f4452cad5fc94cf</sys_update_name>
        <sys_updated_by>admin</sys_updated_by>
        <sys_updated_on>2025-09-07 04:35:49</sys_updated_on>
    </sys_data_policy2>
</record_update>
