<?xml version="1.0" encoding="UTF-8"?><record_update table="sys_ux_app_config">
    <sys_ux_app_config action="INSERT_OR_UPDATE">
        <active>true</active>
        <custom_icon/>
        <default_route_type/>
        <description/>
        <disable_auto_reflow>false</disable_auto_reflow>
        <encode_query_string>false</encode_query_string>
        <icon/>
        <landing_path>home</landing_path>
        <name>Student Finance Portal</name>
        <prefetch_limits/>
        <sys_class_name>sys_ux_app_config</sys_class_name>
        <sys_created_by>admin</sys_created_by>
        <sys_created_on>2025-08-28 10:00:23</sys_created_on>
        <sys_id>5bafc547316722107f44b6584209a5da</sys_id>
        <sys_mod_count>1</sys_mod_count>
        <sys_name>Student Finance Portal</sys_name>
        <sys_package display_value="Student finance management" source="1b66be1674a722107f4433b6ca9e6b46">1b66be1674a722107f4433b6ca9e6b46</sys_package>
        <sys_policy/>
        <sys_scope display_value="Student finance management">1b66be1674a722107f4433b6ca9e6b46</sys_scope>
        <sys_update_name>sys_ux_app_config_5bafc547316722107f44b6584209a5da</sys_update_name>
        <sys_updated_by>admin</sys_updated_by>
        <sys_updated_on>2025-08-28 10:50:27</sys_updated_on>
    </sys_ux_app_config>
    <sys_translated_text action="delete_multiple" query="documentkey=5bafc547316722107f44b6584209a5da"/>
</record_update>
