<?xml version="1.0" encoding="UTF-8"?><record_update>
    <sys_ui_list parent="" relationship="" sys_domain="global" table="u_imp_tmpl_u_student" version="2" view="">
        <sys_ui_list_element action="INSERT_OR_UPDATE">
            <average_value>false</average_value>
            <element>sys_import_row</element>
            <list_id display_value="u_imp_tmpl_u_student" element="NULL" name="u_imp_tmpl_u_student" parent="NULL" relationship="NULL" sys_domain="global" view="Default view">ca36a034d83362107f4418c193b98bf4</list_id>
            <max_value>false</max_value>
            <min_value>false</min_value>
            <position>0</position>
            <sum>false</sum>
            <sys_created_by>admin</sys_created_by>
            <sys_created_on>2025-09-02 17:27:52</sys_created_on>
            <sys_id>0636a034d83362107f4418c193b98bf5</sys_id>
            <sys_mod_count>0</sys_mod_count>
            <sys_updated_by>admin</sys_updated_by>
            <sys_updated_on>2025-09-02 17:27:52</sys_updated_on>
        </sys_ui_list_element>
        <sys_ui_list_element action="INSERT_OR_UPDATE">
            <average_value>false</average_value>
            <element>sys_import_set</element>
            <list_id display_value="u_imp_tmpl_u_student" element="NULL" name="u_imp_tmpl_u_student" parent="NULL" relationship="NULL" sys_domain="global" view="Default view">ca36a034d83362107f4418c193b98bf4</list_id>
            <max_value>false</max_value>
            <min_value>false</min_value>
            <position>1</position>
            <sum>false</sum>
            <sys_created_by>admin</sys_created_by>
            <sys_created_on>2025-09-02 17:27:52</sys_created_on>
            <sys_id>0a36a034d83362107f4418c193b98bf5</sys_id>
            <sys_mod_count>0</sys_mod_count>
            <sys_updated_by>admin</sys_updated_by>
            <sys_updated_on>2025-09-02 17:27:52</sys_updated_on>
        </sys_ui_list_element>
        <sys_ui_list_element action="INSERT_OR_UPDATE">
            <average_value>false</average_value>
            <element>sys_import_state</element>
            <list_id display_value="u_imp_tmpl_u_student" element="NULL" name="u_imp_tmpl_u_student" parent="NULL" relationship="NULL" sys_domain="global" view="Default view">ca36a034d83362107f4418c193b98bf4</list_id>
            <max_value>false</max_value>
            <min_value>false</min_value>
            <position>2</position>
            <sum>false</sum>
            <sys_created_by>admin</sys_created_by>
            <sys_created_on>2025-09-02 17:27:52</sys_created_on>
            <sys_id>0e36a034d83362107f4418c193b98bf5</sys_id>
            <sys_mod_count>0</sys_mod_count>
            <sys_updated_by>admin</sys_updated_by>
            <sys_updated_on>2025-09-02 17:27:52</sys_updated_on>
        </sys_ui_list_element>
        <sys_ui_list_element action="INSERT_OR_UPDATE">
            <average_value>false</average_value>
            <element>sys_target_table</element>
            <list_id display_value="u_imp_tmpl_u_student" element="NULL" name="u_imp_tmpl_u_student" parent="NULL" relationship="NULL" sys_domain="global" view="Default view">ca36a034d83362107f4418c193b98bf4</list_id>
            <max_value>false</max_value>
            <min_value>false</min_value>
            <position>3</position>
            <sum>false</sum>
            <sys_created_by>admin</sys_created_by>
            <sys_created_on>2025-09-02 17:27:52</sys_created_on>
            <sys_id>0236a034d83362107f4418c193b98bf6</sys_id>
            <sys_mod_count>0</sys_mod_count>
            <sys_updated_by>admin</sys_updated_by>
            <sys_updated_on>2025-09-02 17:27:52</sys_updated_on>
        </sys_ui_list_element>
        <sys_ui_list_element action="INSERT_OR_UPDATE">
            <average_value>false</average_value>
            <element>sys_target_sys_id</element>
            <list_id display_value="u_imp_tmpl_u_student" element="NULL" name="u_imp_tmpl_u_student" parent="NULL" relationship="NULL" sys_domain="global" view="Default view">ca36a034d83362107f4418c193b98bf4</list_id>
            <max_value>false</max_value>
            <min_value>false</min_value>
            <position>4</position>
            <sum>false</sum>
            <sys_created_by>admin</sys_created_by>
            <sys_created_on>2025-09-02 17:27:52</sys_created_on>
            <sys_id>0636a034d83362107f4418c193b98bf6</sys_id>
            <sys_mod_count>0</sys_mod_count>
            <sys_updated_by>admin</sys_updated_by>
            <sys_updated_on>2025-09-02 17:27:52</sys_updated_on>
        </sys_ui_list_element>
        <sys_ui_list_element action="INSERT_OR_UPDATE">
            <average_value>false</average_value>
            <element>sys_row_error</element>
            <list_id display_value="u_imp_tmpl_u_student" element="NULL" name="u_imp_tmpl_u_student" parent="NULL" relationship="NULL" sys_domain="global" view="Default view">ca36a034d83362107f4418c193b98bf4</list_id>
            <max_value>false</max_value>
            <min_value>false</min_value>
            <position>5</position>
            <sum>false</sum>
            <sys_created_by>admin</sys_created_by>
            <sys_created_on>2025-09-02 17:27:52</sys_created_on>
            <sys_id>0a36a034d83362107f4418c193b98bf6</sys_id>
            <sys_mod_count>0</sys_mod_count>
            <sys_updated_by>admin</sys_updated_by>
            <sys_updated_on>2025-09-02 17:27:52</sys_updated_on>
        </sys_ui_list_element>
        <sys_ui_list action="INSERT_OR_UPDATE">
            <average_value>false</average_value>
            <element/>
            <max_value>false</max_value>
            <min_value>false</min_value>
            <name>u_imp_tmpl_u_student</name>
            <parent/>
            <position/>
            <relationship/>
            <sum>false</sum>
            <sys_class_name>sys_ui_list</sys_class_name>
            <sys_created_by>admin</sys_created_by>
            <sys_created_on>2025-09-02 17:27:51</sys_created_on>
            <sys_domain>global</sys_domain>
            <sys_domain_path>/</sys_domain_path>
            <sys_id>ca36a034d83362107f4418c193b98bf4</sys_id>
            <sys_mod_count>0</sys_mod_count>
            <sys_name>u_imp_tmpl_u_student</sys_name>
            <sys_package display_value="Student finance management" source="1b66be1674a722107f4433b6ca9e6b46">1b66be1674a722107f4433b6ca9e6b46</sys_package>
            <sys_policy/>
            <sys_scope display_value="Student finance management">1b66be1674a722107f4433b6ca9e6b46</sys_scope>
            <sys_update_name>sys_ui_list_u_imp_tmpl_u_student_null</sys_update_name>
            <sys_updated_by>admin</sys_updated_by>
            <sys_updated_on>2025-09-02 17:27:51</sys_updated_on>
            <sys_user/>
            <view display_value="Default view" name="NULL">Default view</view>
            <view_name/>
        </sys_ui_list>
    </sys_ui_list>
</record_update>
