<?xml version="1.0" encoding="UTF-8"?><record_update table="sys_embedded_help_role">
    <sys_embedded_help_role action="INSERT_OR_UPDATE">
        <order>1000</order>
        <role display_value="u_budgets_user" name="u_budgets_user">dcc19478d8bf22107f4418c193b98b4a</role>
        <sys_class_name>sys_embedded_help_role</sys_class_name>
        <sys_created_by>admin</sys_created_by>
        <sys_created_on>2025-09-02 15:58:27</sys_created_on>
        <sys_id>14c19478d8bf22107f4418c193b98b4d</sys_id>
        <sys_mod_count>0</sys_mod_count>
        <sys_name>dcc19478d8bf22107f4418c193b98b4a</sys_name>
        <sys_package display_value="Student finance management" source="1b66be1674a722107f4433b6ca9e6b46">1b66be1674a722107f4433b6ca9e6b46</sys_package>
        <sys_policy/>
        <sys_scope display_value="Student finance management">1b66be1674a722107f4433b6ca9e6b46</sys_scope>
        <sys_update_name>sys_embedded_help_role_14c19478d8bf22107f4418c193b98b4d</sys_update_name>
        <sys_updated_by>admin</sys_updated_by>
        <sys_updated_on>2025-09-02 15:58:27</sys_updated_on>
    </sys_embedded_help_role>
</record_update>
