<?xml version="1.0" encoding="UTF-8"?><record_update>
    <sys_ui_section caption="" section_id="932364fcd8ff22107f4418c193b98b37" sys_domain="global" table="u_student" version="3" view="">
        <sys_ui_element action="INSERT_OR_UPDATE">
            <element>u_number</element>
            <position>0</position>
            <sys_created_by>admin</sys_created_by>
            <sys_created_on>2025-09-02 17:18:24</sys_created_on>
            <sys_id>9f04a470d83362107f4418c193b98b10</sys_id>
            <sys_mod_count>0</sys_mod_count>
            <sys_ui_formatter/>
            <sys_ui_section caption="NULL" display_value="" name="u_student" sys_domain="global" view="Default view">932364fcd8ff22107f4418c193b98b37</sys_ui_section>
            <sys_updated_by>admin</sys_updated_by>
            <sys_updated_on>2025-09-02 17:18:24</sys_updated_on>
            <sys_user/>
            <type/>
        </sys_ui_element>
        <sys_ui_element action="INSERT_OR_UPDATE">
            <element>u_string_1</element>
            <position>1</position>
            <sys_created_by>admin</sys_created_by>
            <sys_created_on>2025-09-02 17:18:24</sys_created_on>
            <sys_id>9704a470d83362107f4418c193b98b11</sys_id>
            <sys_mod_count>0</sys_mod_count>
            <sys_ui_formatter/>
            <sys_ui_section caption="NULL" display_value="" name="u_student" sys_domain="global" view="Default view">932364fcd8ff22107f4418c193b98b37</sys_ui_section>
            <sys_updated_by>admin</sys_updated_by>
            <sys_updated_on>2025-09-02 17:18:24</sys_updated_on>
            <sys_user/>
            <type/>
        </sys_ui_element>
        <sys_ui_element action="INSERT_OR_UPDATE">
            <element>u_string_2</element>
            <position>2</position>
            <sys_created_by>admin</sys_created_by>
            <sys_created_on>2025-09-02 17:18:24</sys_created_on>
            <sys_id>9f04a470d83362107f4418c193b98b11</sys_id>
            <sys_mod_count>0</sys_mod_count>
            <sys_ui_formatter/>
            <sys_ui_section caption="NULL" display_value="" name="u_student" sys_domain="global" view="Default view">932364fcd8ff22107f4418c193b98b37</sys_ui_section>
            <sys_updated_by>admin</sys_updated_by>
            <sys_updated_on>2025-09-02 17:18:24</sys_updated_on>
            <sys_user/>
            <type/>
        </sys_ui_element>
        <sys_ui_element action="INSERT_OR_UPDATE">
            <element>.split</element>
            <position>3</position>
            <sys_created_by>admin</sys_created_by>
            <sys_created_on>2025-09-02 17:18:24</sys_created_on>
            <sys_id>9704a470d83362107f4418c193b98b12</sys_id>
            <sys_mod_count>0</sys_mod_count>
            <sys_ui_formatter/>
            <sys_ui_section caption="NULL" display_value="" name="u_student" sys_domain="global" view="Default view">932364fcd8ff22107f4418c193b98b37</sys_ui_section>
            <sys_updated_by>admin</sys_updated_by>
            <sys_updated_on>2025-09-02 17:18:24</sys_updated_on>
            <sys_user/>
            <type>.split</type>
        </sys_ui_element>
        <sys_ui_element action="INSERT_OR_UPDATE">
            <element>u_string_3</element>
            <position>4</position>
            <sys_created_by>admin</sys_created_by>
            <sys_created_on>2025-09-02 17:18:24</sys_created_on>
            <sys_id>9f04a470d83362107f4418c193b98b12</sys_id>
            <sys_mod_count>0</sys_mod_count>
            <sys_ui_formatter/>
            <sys_ui_section caption="NULL" display_value="" name="u_student" sys_domain="global" view="Default view">932364fcd8ff22107f4418c193b98b37</sys_ui_section>
            <sys_updated_by>admin</sys_updated_by>
            <sys_updated_on>2025-09-02 17:18:24</sys_updated_on>
            <sys_user/>
            <type/>
        </sys_ui_element>
        <sys_ui_element action="INSERT_OR_UPDATE">
            <element>u_integer_4</element>
            <position>5</position>
            <sys_created_by>admin</sys_created_by>
            <sys_created_on>2025-09-02 17:18:24</sys_created_on>
            <sys_id>9704a470d83362107f4418c193b98b13</sys_id>
            <sys_mod_count>0</sys_mod_count>
            <sys_ui_formatter/>
            <sys_ui_section caption="NULL" display_value="" name="u_student" sys_domain="global" view="Default view">932364fcd8ff22107f4418c193b98b37</sys_ui_section>
            <sys_updated_by>admin</sys_updated_by>
            <sys_updated_on>2025-09-02 17:18:24</sys_updated_on>
            <sys_user/>
            <type/>
        </sys_ui_element>
        <sys_ui_element action="INSERT_OR_UPDATE">
            <element>u_ss</element>
            <position>6</position>
            <sys_created_by>admin</sys_created_by>
            <sys_created_on>2025-09-07 11:44:10</sys_created_on>
            <sys_id>5c870d124d3b22107f4452cad5fc946d</sys_id>
            <sys_mod_count>0</sys_mod_count>
            <sys_ui_formatter/>
            <sys_ui_section caption="NULL" display_value="" name="u_student" sys_domain="global" view="Default view">932364fcd8ff22107f4418c193b98b37</sys_ui_section>
            <sys_updated_by>admin</sys_updated_by>
            <sys_updated_on>2025-09-07 11:44:10</sys_updated_on>
            <sys_user/>
            <type/>
        </sys_ui_element>
        <sys_ui_section action="INSERT_OR_UPDATE">
            <caption/>
            <header>false</header>
            <name>u_student</name>
            <roles/>
            <sys_class_name>sys_ui_section</sys_class_name>
            <sys_created_by>admin</sys_created_by>
            <sys_created_on>2025-09-02 17:14:34</sys_created_on>
            <sys_domain>global</sys_domain>
            <sys_domain_path>/</sys_domain_path>
            <sys_id>932364fcd8ff22107f4418c193b98b37</sys_id>
            <sys_mod_count>0</sys_mod_count>
            <sys_name>u_student</sys_name>
            <sys_overrides/>
            <sys_package display_value="Student finance management" source="1b66be1674a722107f4433b6ca9e6b46">1b66be1674a722107f4433b6ca9e6b46</sys_package>
            <sys_policy/>
            <sys_scope display_value="Student finance management">1b66be1674a722107f4433b6ca9e6b46</sys_scope>
            <sys_update_name>sys_ui_section_932364fcd8ff22107f4418c193b98b37</sys_update_name>
            <sys_updated_by>admin</sys_updated_by>
            <sys_updated_on>2025-09-02 17:14:34</sys_updated_on>
            <sys_user/>
            <title>true</title>
            <view display_value="Default view" name="NULL">Default view</view>
            <view_name/>
        </sys_ui_section>
    </sys_ui_section>
</record_update>
