<?xml version="1.0" encoding="UTF-8"?><record_update sys_domain="global" table="sys_ux_screen">
    <sys_ux_screen action="INSERT_OR_UPDATE">
        <active>true</active>
        <app_config display_value="Student Finance Management">b365d0cb312322107f44b6584209a597</app_config>
        <description/>
        <disable_auto_reflow>true</disable_auto_reflow>
        <event_mappings/>
        <macroponent display_value="Default">615d32903df322107f44d55d201412c7</macroponent>
        <macroponent_config>{
    "bare": {
        "type": "JSON_LITERAL",
        "value": true
    },
    "headerLevel": {
        "type": "JSON_LITERAL",
        "value": "1"
    },
    "headingOnlyVisibleToScreenReaders": {
        "type": "JSON_LITERAL",
        "value": false
    },
    "interceptNotifications": {
        "type": "JSON_LITERAL",
        "value": false
    },
    "label": {
        "type": "JSON_LITERAL",
        "value": ""
    },
    "propagateNotifications": {
        "type": "JSON_LITERAL",
        "value": false
    },
    "scrollable": {
        "type": "JSON_LITERAL",
        "value": "y"
    }
}</macroponent_config>
        <name>Default</name>
        <order>0</order>
        <parent_macroponent display_value="Portal App Shell">b66bf1075b31101016fd7c1bf481c7a7</parent_macroponent>
        <required_translations>[ ]</required_translations>
        <rollback_screen/>
        <screen_condition/>
        <screen_type display_value="Budget">ed5df6503df322107f44d55d20141286</screen_type>
        <sys_class_name>sys_ux_screen</sys_class_name>
        <sys_created_by>admin</sys_created_by>
        <sys_created_on>2025-09-01 15:11:09</sys_created_on>
        <sys_domain>global</sys_domain>
        <sys_domain_path>/</sys_domain_path>
        <sys_id>315d32903df322107f44d55d201412cb</sys_id>
        <sys_mod_count>0</sys_mod_count>
        <sys_name>Default</sys_name>
        <sys_overrides/>
        <sys_package display_value="Student finance management" source="1b66be1674a722107f4433b6ca9e6b46">1b66be1674a722107f4433b6ca9e6b46</sys_package>
        <sys_policy/>
        <sys_scope display_value="Student finance management">1b66be1674a722107f4433b6ca9e6b46</sys_scope>
        <sys_update_name>sys_ux_screen_315d32903df322107f44d55d201412cb</sys_update_name>
        <sys_updated_by>admin</sys_updated_by>
        <sys_updated_on>2025-09-01 15:11:09</sys_updated_on>
    </sys_ux_screen>
    <sys_translated_text action="delete_multiple" query="documentkey=315d32903df322107f44d55d201412cb"/>
</record_update>
