<?xml version="1.0" encoding="UTF-8"?><record_update table="sys_script_include">
    <sys_script_include action="INSERT_OR_UPDATE">
        <access>package_private</access>
        <active>true</active>
        <api_name>global.AutoPopulationBudget</api_name>
        <caller_access/>
        <client_callable>true</client_callable>
        <description/>
        <mobile_callable>false</mobile_callable>
        <name>AutoPopulationBudget</name>
        <sandbox_callable>false</sandbox_callable>
        <script><![CDATA[var AutoPopulationBudget = Class.create();
AutoPopulationBudget.prototype = Object.extendsObject(global.AbstractAjaxProcessor, {

    // Function to fetch student expense details
    getStudentExpenseDetails: function() {
        var studentId = this.getParameter('sysparm_student');   // Student ID from Client Script

        var result = {};

        if (studentId) {
            // Query Expense table
            var gr = new GlideRecord('u_expense');   // replace with your Expense table name
            gr.addQuery('u_studen0', studentId);     // student reference field
            gr.orderByDesc('sys_created_on');        // get latest record
            gr.setLimit(1);
            gr.query();

            if (gr.next()) {
                result.month = gr.getValue('u_string_1');       // Month
                result.year = gr.getValue('u_integer_1');       // Year
                result.income = gr.getValue('u_amount');        // Monthly Income
            }
        }

        return JSON.stringify(result);   // Send response to client
    },

    type: 'AutoPopulationBudget'
});
]]></script>
        <sys_class_name>sys_script_include</sys_class_name>
        <sys_created_by>admin</sys_created_by>
        <sys_created_on>2025-09-06 06:15:07</sys_created_on>
        <sys_id>e1e13ab1bcf322107f44c7dd9b190eb2</sys_id>
        <sys_mod_count>5</sys_mod_count>
        <sys_name>AutoPopulationBudget</sys_name>
        <sys_package display_value="Student finance management" source="1b66be1674a722107f4433b6ca9e6b46">1b66be1674a722107f4433b6ca9e6b46</sys_package>
        <sys_policy/>
        <sys_scope display_value="Student finance management">1b66be1674a722107f4433b6ca9e6b46</sys_scope>
        <sys_update_name>sys_script_include_e1e13ab1bcf322107f44c7dd9b190eb2</sys_update_name>
        <sys_updated_by>admin</sys_updated_by>
        <sys_updated_on>2025-09-06 06:44:55</sys_updated_on>
    </sys_script_include>
    <sys_es_latest_script action="INSERT_OR_UPDATE">
        <id>e1e13ab1bcf322107f44c7dd9b190eb2</id>
        <sys_created_by>admin</sys_created_by>
        <sys_created_on>2025-09-06 06:15:07</sys_created_on>
        <sys_id>4a92f271bcf322107f44c7dd9b190ebd</sys_id>
        <sys_mod_count>0</sys_mod_count>
        <sys_updated_by>admin</sys_updated_by>
        <sys_updated_on>2025-09-06 06:15:07</sys_updated_on>
        <table>sys_script_include</table>
        <use_es_latest>true</use_es_latest>
    </sys_es_latest_script>
</record_update>
