<?xml version="1.0" encoding="UTF-8"?><record_update table="sys_security_acl_role">
    <sys_security_acl_role action="INSERT_OR_UPDATE">
        <sys_class_name>sys_security_acl_role</sys_class_name>
        <sys_created_by>admin</sys_created_by>
        <sys_created_on>2025-09-05 11:55:00</sys_created_on>
        <sys_id>dbc6fe21c97b22107f4406a017f3c4db</sys_id>
        <sys_mod_count>0</sys_mod_count>
        <sys_name>u_admin.u_admin_user</sys_name>
        <sys_package display_value="Student finance management" source="1b66be1674a722107f4433b6ca9e6b46">1b66be1674a722107f4433b6ca9e6b46</sys_package>
        <sys_policy/>
        <sys_scope display_value="Student finance management">1b66be1674a722107f4433b6ca9e6b46</sys_scope>
        <sys_security_acl display_value="u_admin">97c6fe21c97b22107f4406a017f3c4d8</sys_security_acl>
        <sys_update_name>sys_security_acl_role_dbc6fe21c97b22107f4406a017f3c4db</sys_update_name>
        <sys_updated_by>admin</sys_updated_by>
        <sys_updated_on>2025-09-05 11:55:00</sys_updated_on>
        <sys_user_role display_value="u_admin_user" name="u_admin_user">fec6baadc93b22107f4406a017f3c49c</sys_user_role>
    </sys_security_acl_role>
</record_update>
