<?xml version="1.0" encoding="UTF-8"?><record_update table="sys_security_acl_role">
    <sys_security_acl_role action="INSERT_OR_UPDATE">
        <sys_class_name>sys_security_acl_role</sys_class_name>
        <sys_created_by>admin</sys_created_by>
        <sys_created_on>2025-08-28 06:53:47</sys_created_on>
        <sys_id>c925288f316322107f44b6584209a55f</sys_id>
        <sys_mod_count>0</sys_mod_count>
        <sys_name>u_advisor.u_advisor_user</sys_name>
        <sys_package display_value="Student finance management" source="1b66be1674a722107f4433b6ca9e6b46">1b66be1674a722107f4433b6ca9e6b46</sys_package>
        <sys_policy/>
        <sys_scope display_value="Student finance management">1b66be1674a722107f4433b6ca9e6b46</sys_scope>
        <sys_security_acl display_value="u_advisor">0925288f316322107f44b6584209a55c</sys_security_acl>
        <sys_update_name>sys_security_acl_role_c925288f316322107f44b6584209a55f</sys_update_name>
        <sys_updated_by>admin</sys_updated_by>
        <sys_updated_on>2025-08-28 06:53:47</sys_updated_on>
        <sys_user_role display_value="u_advisor_user" name="u_advisor_user">f025ac4f316322107f44b6584209a51a</sys_user_role>
    </sys_security_acl_role>
</record_update>
