<?xml version="1.0" encoding="UTF-8"?><record_update table="sys_embedded_help_role">
    <sys_embedded_help_role action="INSERT_OR_UPDATE">
        <order>1000</order>
        <role display_value="u_student_user" name="u_student_user">f64a1443316322107f44b6584209a54c</role>
        <sys_class_name>sys_embedded_help_role</sys_class_name>
        <sys_created_by>admin</sys_created_by>
        <sys_created_on>2025-08-28 06:06:23</sys_created_on>
        <sys_id>b24a1443316322107f44b6584209a54f</sys_id>
        <sys_mod_count>0</sys_mod_count>
        <sys_name>f64a1443316322107f44b6584209a54c</sys_name>
        <sys_package display_value="Student finance management" source="1b66be1674a722107f4433b6ca9e6b46">1b66be1674a722107f4433b6ca9e6b46</sys_package>
        <sys_policy/>
        <sys_scope display_value="Student finance management">1b66be1674a722107f4433b6ca9e6b46</sys_scope>
        <sys_update_name>sys_embedded_help_role_b24a1443316322107f44b6584209a54f</sys_update_name>
        <sys_updated_by>admin</sys_updated_by>
        <sys_updated_on>2025-08-28 06:06:23</sys_updated_on>
    </sys_embedded_help_role>
</record_update>
