<?xml version="1.0" encoding="UTF-8"?><record_update table="sys_ux_macroponent">
    <sys_ux_macroponent action="INSERT_OR_UPDATE">
        <associated_types/>
        <bundles/>
        <category>page</category>
        <component_dependencies/>
        <composition/>
        <da_relay_models/>
        <data/>
        <description/>
        <disable_auto_reflow>false</disable_auto_reflow>
        <dispatched_events/>
        <ext_controller_dep/>
        <extends display_value="Page Template">19be392623033300f4b4c50947bf65ba</extends>
        <extension_point/>
        <form_factors>{
    "custom_ff_1": {
        "max-width": 640,
        "reference": "macroponent"
    }
}</form_factors>
        <handled_events/>
        <interactions/>
        <interfaces/>
        <internal_event_mappings/>
        <layout>{
    "default": {
        "children": null,
        "items": [],
        "root": null,
        "rules": null,
        "styles": {
            "flex-direction": "column"
        },
        "templateId": "5832fd4d53c31010e6bcddeeff7b12db",
        "type": "flex"
    },
    "queries": [
        {
            "layout": {
                "items": [],
                "styles": {
                    "flex-direction": "column",
                    "height": "auto",
                    "min-width": null
                },
                "type": "flex"
            },
            "queryId": "custom_ff_1"
        }
    ],
    "version": "3.1.0"
}</layout>
        <macroponent_dependencies/>
        <name>Default</name>
        <output_prop_mapping/>
        <props>[]</props>
        <required_translations>[ ]</required_translations>
        <root_component/>
        <root_component_config/>
        <root_component_definition/>
        <schema_version>1.0.0</schema_version>
        <state_persistence_config/>
        <state_properties/>
        <style_config>{}</style_config>
        <sys_class_name>sys_ux_macroponent</sys_class_name>
        <sys_created_by>admin</sys_created_by>
        <sys_created_on>2025-09-03 13:06:45</sys_created_on>
        <sys_id>070430c520fb22107f44f98838e8b8c2</sys_id>
        <sys_mod_count>0</sys_mod_count>
        <sys_name>Default</sys_name>
        <sys_package display_value="Student finance management" source="1b66be1674a722107f4433b6ca9e6b46">1b66be1674a722107f4433b6ca9e6b46</sys_package>
        <sys_policy/>
        <sys_scope display_value="Student finance management">1b66be1674a722107f4433b6ca9e6b46</sys_scope>
        <sys_update_name>sys_ux_macroponent_070430c520fb22107f44f98838e8b8c2</sys_update_name>
        <sys_updated_by>admin</sys_updated_by>
        <sys_updated_on>2025-09-03 13:06:45</sys_updated_on>
    </sys_ux_macroponent>
    <sys_translated_text action="delete_multiple" query="documentkey=070430c520fb22107f44f98838e8b8c2"/>
</record_update>
