<?xml version="1.0" encoding="UTF-8"?><record_update sys_domain="global" table="sys_script_client">
    <sys_script_client action="INSERT_OR_UPDATE">
        <active>true</active>
        <applies_extended>false</applies_extended>
        <condition/>
        <description/>
        <field>u_reference_2</field>
        <global>true</global>
        <isolate_script>true</isolate_script>
        <messages/>
        <name>CalculateBalance</name>
        <order/>
        <script><![CDATA[function onChange(control, oldValue, newValue, isLoading, isTemplate) {
    if (isLoading || newValue === '') {
        // Clear all fields if the student ID is empty
        g_form.setValue('u_decimal_4', '');
        g_form.setValue('u_decimal_7', ''); 
        return;
    }

    var ga = new GlideAjax('BudgetUtils');
    ga.addParam('sysparm_name', 'getStudentTotalExpenses');
    ga.addParam('sysparm_student_id', newValue);
    ga.getXMLAnswer(function(response) {
        var totalExpenses = parseFloat(response);
        var monthlyIncome = parseFloat(g_form.getValue('u_decimal_3'));
        
        // Update the Total Expenses field
        if (!isNaN(totalExpenses)) {
            g_form.setValue('u_decimal_4', totalExpenses);
        } else {
            g_form.setValue('u_decimal_4', '0');
            totalExpenses = 0;
        }

        // Calculate and set the Remaining Balance
        if (!isNaN(monthlyIncome) && !isNaN(totalExpenses)) {
            var remainingBalance = monthlyIncome - totalExpenses;
            g_form.setValue('u_decimal_7', remainingBalance);
        } else {
            g_form.setValue('u_decimal_7', '0');
        }
    });
}]]></script>
        <sys_class_name>sys_script_client</sys_class_name>
        <sys_created_by>admin</sys_created_by>
        <sys_created_on>2025-09-06 07:57:03</sys_created_on>
        <sys_domain>global</sys_domain>
        <sys_domain_path>/</sys_domain_path>
        <sys_id>cec94771bc7722107f44c7dd9b190e5e</sys_id>
        <sys_mod_count>0</sys_mod_count>
        <sys_name>CalculateBalance</sys_name>
        <sys_overrides/>
        <sys_package display_value="Student finance management" source="1b66be1674a722107f4433b6ca9e6b46">1b66be1674a722107f4433b6ca9e6b46</sys_package>
        <sys_policy/>
        <sys_scope display_value="Student finance management">1b66be1674a722107f4433b6ca9e6b46</sys_scope>
        <sys_update_name>sys_script_client_cec94771bc7722107f44c7dd9b190e5e</sys_update_name>
        <sys_updated_by>admin</sys_updated_by>
        <sys_updated_on>2025-09-06 07:57:03</sys_updated_on>
        <table>u_budgets</table>
        <type>onChange</type>
        <ui_type>10</ui_type>
        <view/>
    </sys_script_client>
</record_update>
