<?xml version="1.0" encoding="UTF-8"?><record_update>
    <sys_documentation element="u_comments" label="Comments" language="en" table="u_booking">
        <sys_documentation action="INSERT_OR_UPDATE">
            <element>u_comments</element>
            <help/>
            <hint/>
            <label>Comments</label>
            <language>en</language>
            <name>u_booking</name>
            <plural/>
            <sys_class_name>sys_documentation</sys_class_name>
            <sys_created_by>admin</sys_created_by>
            <sys_created_on>2025-09-03 13:31:09</sys_created_on>
            <sys_mod_count>3</sys_mod_count>
            <sys_name>Comments</sys_name>
            <sys_package display_value="Student finance management" source="1b66be1674a722107f4433b6ca9e6b46">1b66be1674a722107f4433b6ca9e6b46</sys_package>
            <sys_policy/>
            <sys_scope display_value="Student finance management">1b66be1674a722107f4433b6ca9e6b46</sys_scope>
            <sys_update_name>sys_documentation_u_booking_u_comments_en</sys_update_name>
            <sys_updated_by>admin</sys_updated_by>
            <sys_updated_on>2025-09-03 13:31:11</sys_updated_on>
            <url/>
            <url_target/>
        </sys_documentation>
    </sys_documentation>
</record_update>
