<?xml version="1.0" encoding="UTF-8"?><record_update table="sys_package_dependency_m2m">
    <sys_package_dependency_m2m action="INSERT_OR_UPDATE">
        <dependency display_value="System Import Sets" source="com.glide.system_import_set">07bec1f0dd2222107f44f6dc15354e27</dependency>
        <min_version>1.0.0</min_version>
        <sys_created_by>admin</sys_created_by>
        <sys_created_on>2025-09-02 06:45:43</sys_created_on>
        <sys_id>af335a24d8f322107f4418c193b98bc2</sys_id>
        <sys_mod_count>0</sys_mod_count>
        <sys_package display_value="Student finance management" source="1b66be1674a722107f4433b6ca9e6b46">1b66be1674a722107f4433b6ca9e6b46</sys_package>
        <sys_updated_by>admin</sys_updated_by>
        <sys_updated_on>2025-09-02 06:45:43</sys_updated_on>
    </sys_package_dependency_m2m>
</record_update>
