<?xml version="1.0" encoding="UTF-8"?><record_update table="sys_package_dependency_m2m">
    <sys_package_dependency_m2m action="INSERT_OR_UPDATE">
        <dependency display_value="Knowledge Management Core" source="com.glideapp.knowledge">eb6559fcdda222107f44f6dc15354ed9</dependency>
        <min_version>1.0.0</min_version>
        <sys_created_by>admin</sys_created_by>
        <sys_created_on>2025-09-07 04:41:15</sys_created_on>
        <sys_id>41b6eb0a4d3322107f4452cad5fc943d</sys_id>
        <sys_mod_count>0</sys_mod_count>
        <sys_package display_value="Student finance management" source="1b66be1674a722107f4433b6ca9e6b46">1b66be1674a722107f4433b6ca9e6b46</sys_package>
        <sys_updated_by>admin</sys_updated_by>
        <sys_updated_on>2025-09-07 04:41:15</sys_updated_on>
    </sys_package_dependency_m2m>
</record_update>
