<?xml version="1.0" encoding="UTF-8"?><record_update table="sys_embedded_help_role">
    <sys_embedded_help_role action="INSERT_OR_UPDATE">
        <order>1000</order>
        <role display_value="u_budget_user" name="u_budget_user">23fdec0b31a322107f44b6584209a558</role>
        <sys_class_name>sys_embedded_help_role</sys_class_name>
        <sys_created_by>admin</sys_created_by>
        <sys_created_on>2025-08-28 07:32:28</sys_created_on>
        <sys_id>effde08b31a322107f44b6584209a5c1</sys_id>
        <sys_mod_count>0</sys_mod_count>
        <sys_name>23fdec0b31a322107f44b6584209a558</sys_name>
        <sys_package display_value="Student finance management" source="1b66be1674a722107f4433b6ca9e6b46">1b66be1674a722107f4433b6ca9e6b46</sys_package>
        <sys_policy/>
        <sys_scope display_value="Student finance management">1b66be1674a722107f4433b6ca9e6b46</sys_scope>
        <sys_update_name>sys_embedded_help_role_effde08b31a322107f44b6584209a5c1</sys_update_name>
        <sys_updated_by>admin</sys_updated_by>
        <sys_updated_on>2025-08-28 07:32:28</sys_updated_on>
    </sys_embedded_help_role>
</record_update>
