<?xml version="1.0" encoding="UTF-8"?><record_update sys_domain="global" table="sys_script_client">
    <sys_script_client action="INSERT_OR_UPDATE">
        <active>true</active>
        <applies_extended>false</applies_extended>
        <condition/>
        <description/>
        <field>u_reference_2</field>
        <global>true</global>
        <isolate_script>true</isolate_script>
        <messages/>
        <name>BudgetCalculation</name>
        <order/>
        <script><![CDATA[function onChange(control, oldValue, newValue, isLoading, isTemplate) {
    if (isLoading || newValue == '') {
        return;
    }

    var ga = new GlideAjax('AutoPopulationBudget');
    ga.addParam('sysparm_name', 'getStudentExpenseDetails');
    ga.addParam('sysparm_student', newValue);

    ga.getXMLAnswer(function(response) {
        if (response) {
            var data = JSON.parse(response);

            if (data.month)
                g_form.setValue('u_string_1', data.month);     // Budget.Month
            if (data.year)
                g_form.setValue('u_integer_1', data.year);  // Budget.Year
            if (data.income)
                g_form.setValue('u_decimal_3', data.income);   // Budget.Monthly Income
        }
    });
}
]]></script>
        <sys_class_name>sys_script_client</sys_class_name>
        <sys_created_by>admin</sys_created_by>
        <sys_created_on>2025-09-06 06:18:07</sys_created_on>
        <sys_domain>global</sys_domain>
        <sys_domain_path>/</sys_domain_path>
        <sys_id>1ad2faf1bcf322107f44c7dd9b190ee5</sys_id>
        <sys_mod_count>8</sys_mod_count>
        <sys_name>BudgetCalculation</sys_name>
        <sys_overrides/>
        <sys_package display_value="Student finance management" source="1b66be1674a722107f4433b6ca9e6b46">1b66be1674a722107f4433b6ca9e6b46</sys_package>
        <sys_policy/>
        <sys_scope display_value="Student finance management">1b66be1674a722107f4433b6ca9e6b46</sys_scope>
        <sys_update_name>sys_script_client_1ad2faf1bcf322107f44c7dd9b190ee5</sys_update_name>
        <sys_updated_by>admin</sys_updated_by>
        <sys_updated_on>2025-09-06 07:58:36</sys_updated_on>
        <table>u_budgets</table>
        <type>onChange</type>
        <ui_type>10</ui_type>
        <view/>
    </sys_script_client>
</record_update>
