<?xml version="1.0" encoding="UTF-8"?><record_update>
    <sys_ui_list parent="" relationship="" sys_domain="global" table="u_expense" version="2" view="amount">
        <sys_ui_list_element action="INSERT_OR_UPDATE">
            <average_value>false</average_value>
            <element>u_studen0</element>
            <list_id display_value="u_expense" element="NULL" name="u_expense" parent="NULL" relationship="NULL" sys_domain="global" view="3d1302e9c93722107f4406a017f3c4af">71138ae9c93722107f4406a017f3c4aa</list_id>
            <max_value>false</max_value>
            <min_value>false</min_value>
            <position>0</position>
            <sum>false</sum>
            <sys_created_by>admin</sys_created_by>
            <sys_created_on>2025-09-05 08:09:05</sys_created_on>
            <sys_id>bd138ae9c93722107f4406a017f3c4aa</sys_id>
            <sys_mod_count>0</sys_mod_count>
            <sys_updated_by>admin</sys_updated_by>
            <sys_updated_on>2025-09-05 08:09:05</sys_updated_on>
        </sys_ui_list_element>
        <sys_ui_list_element action="INSERT_OR_UPDATE">
            <average_value>false</average_value>
            <element>u_amount</element>
            <list_id display_value="u_expense" element="NULL" name="u_expense" parent="NULL" relationship="NULL" sys_domain="global" view="3d1302e9c93722107f4406a017f3c4af">71138ae9c93722107f4406a017f3c4aa</list_id>
            <max_value>false</max_value>
            <min_value>false</min_value>
            <position>1</position>
            <sum>false</sum>
            <sys_created_by>admin</sys_created_by>
            <sys_created_on>2025-09-05 08:09:05</sys_created_on>
            <sys_id>b1138ae9c93722107f4406a017f3c4ab</sys_id>
            <sys_mod_count>0</sys_mod_count>
            <sys_updated_by>admin</sys_updated_by>
            <sys_updated_on>2025-09-05 08:09:05</sys_updated_on>
        </sys_ui_list_element>
        <sys_ui_list_element action="INSERT_OR_UPDATE">
            <average_value>false</average_value>
            <element>u_glide_date_time_1</element>
            <list_id display_value="u_expense" element="NULL" name="u_expense" parent="NULL" relationship="NULL" sys_domain="global" view="3d1302e9c93722107f4406a017f3c4af">71138ae9c93722107f4406a017f3c4aa</list_id>
            <max_value>false</max_value>
            <min_value>false</min_value>
            <position>2</position>
            <sum>false</sum>
            <sys_created_by>admin</sys_created_by>
            <sys_created_on>2025-09-05 08:09:05</sys_created_on>
            <sys_id>b5138ae9c93722107f4406a017f3c4ab</sys_id>
            <sys_mod_count>0</sys_mod_count>
            <sys_updated_by>admin</sys_updated_by>
            <sys_updated_on>2025-09-05 08:09:05</sys_updated_on>
        </sys_ui_list_element>
        <sys_ui_list_element action="INSERT_OR_UPDATE">
            <average_value>false</average_value>
            <element>u_expense_amount</element>
            <list_id display_value="u_expense" element="NULL" name="u_expense" parent="NULL" relationship="NULL" sys_domain="global" view="3d1302e9c93722107f4406a017f3c4af">71138ae9c93722107f4406a017f3c4aa</list_id>
            <max_value>false</max_value>
            <min_value>false</min_value>
            <position>3</position>
            <sum>false</sum>
            <sys_created_by>admin</sys_created_by>
            <sys_created_on>2025-09-05 08:09:05</sys_created_on>
            <sys_id>b9138ae9c93722107f4406a017f3c4ab</sys_id>
            <sys_mod_count>0</sys_mod_count>
            <sys_updated_by>admin</sys_updated_by>
            <sys_updated_on>2025-09-05 08:09:05</sys_updated_on>
        </sys_ui_list_element>
        <sys_ui_list_element action="INSERT_OR_UPDATE">
            <average_value>false</average_value>
            <element>u_choice_1</element>
            <list_id display_value="u_expense" element="NULL" name="u_expense" parent="NULL" relationship="NULL" sys_domain="global" view="3d1302e9c93722107f4406a017f3c4af">71138ae9c93722107f4406a017f3c4aa</list_id>
            <max_value>false</max_value>
            <min_value>false</min_value>
            <position>4</position>
            <sum>false</sum>
            <sys_created_by>admin</sys_created_by>
            <sys_created_on>2025-09-05 08:09:05</sys_created_on>
            <sys_id>bd138ae9c93722107f4406a017f3c4ab</sys_id>
            <sys_mod_count>0</sys_mod_count>
            <sys_updated_by>admin</sys_updated_by>
            <sys_updated_on>2025-09-05 08:09:05</sys_updated_on>
        </sys_ui_list_element>
        <sys_ui_list action="INSERT_OR_UPDATE">
            <average_value>false</average_value>
            <element/>
            <max_value>false</max_value>
            <min_value>false</min_value>
            <name>u_expense</name>
            <parent/>
            <position/>
            <relationship/>
            <sum>false</sum>
            <sys_class_name>sys_ui_list</sys_class_name>
            <sys_created_by>admin</sys_created_by>
            <sys_created_on>2025-09-05 08:09:05</sys_created_on>
            <sys_domain>global</sys_domain>
            <sys_domain_path>/</sys_domain_path>
            <sys_id>71138ae9c93722107f4406a017f3c4aa</sys_id>
            <sys_mod_count>0</sys_mod_count>
            <sys_name>u_expense</sys_name>
            <sys_package display_value="Student finance management" source="1b66be1674a722107f4433b6ca9e6b46">1b66be1674a722107f4433b6ca9e6b46</sys_package>
            <sys_policy/>
            <sys_scope display_value="Student finance management">1b66be1674a722107f4433b6ca9e6b46</sys_scope>
            <sys_update_name>sys_ui_list_u_expense_amount</sys_update_name>
            <sys_updated_by>admin</sys_updated_by>
            <sys_updated_on>2025-09-05 08:09:05</sys_updated_on>
            <sys_user/>
            <view display_value="aMOUNT" name="amount">3d1302e9c93722107f4406a017f3c4af</view>
            <view_name/>
        </sys_ui_list>
    </sys_ui_list>
</record_update>
