<?xml version="1.0" encoding="UTF-8"?><record_update table="sys_aw_renderer">
    <sys_aw_renderer action="INSERT_OR_UPDATE">
        <active>true</active>
        <custom_renderer display_value="sn-knowledge-discussion-wrapper">72799ecde4d1ac5180318bc017e3d71f</custom_renderer>
        <custom_renderer_tag>sn-knowledge-discussion-wrapper</custom_renderer_tag>
        <macroponent/>
        <module_flag>false</module_flag>
        <renderer_type/>
        <sys_class_name>sys_aw_renderer</sys_class_name>
        <sys_created_by>admin</sys_created_by>
        <sys_created_on>2025-09-07 04:41:18</sys_created_on>
        <sys_id>f5b6eb0a4d3322107f4452cad5fc94be</sys_id>
        <sys_mod_count>0</sys_mod_count>
        <sys_name/>
        <sys_package display_value="Student finance management" source="1b66be1674a722107f4433b6ca9e6b46">1b66be1674a722107f4433b6ca9e6b46</sys_package>
        <sys_policy/>
        <sys_scope display_value="Student finance management">1b66be1674a722107f4433b6ca9e6b46</sys_scope>
        <sys_update_name>sys_aw_renderer_f5b6eb0a4d3322107f4452cad5fc94be</sys_update_name>
        <sys_updated_by>admin</sys_updated_by>
        <sys_updated_on>2025-09-07 04:41:18</sys_updated_on>
        <table>u_kb_template_student_finance_article</table>
        <type_ext display_value="record">56a1aaa10f513300bb57f4a1ff767ede</type_ext>
        <workspace_config display_value="Agent Workspace">7b24ceae5304130084acddeeff7b12a3</workspace_config>
        <workspace_module/>
    </sys_aw_renderer>
</record_update>
