<?xml version="1.0" encoding="UTF-8"?><record_update>
    <sys_ui_section caption="" section_id="865a7ccb31e322107f44b6584209a56b" sys_domain="global" table="u_preference" version="3" view="">
        <sys_ui_element action="INSERT_OR_UPDATE">
            <element>.begin_split</element>
            <position>0</position>
            <sys_created_by>admin</sys_created_by>
            <sys_created_on>2025-08-28 08:26:25</sys_created_on>
            <sys_id>c65a7ccb31e322107f44b6584209a56e</sys_id>
            <sys_mod_count>0</sys_mod_count>
            <sys_ui_formatter/>
            <sys_ui_section caption="NULL" display_value="" name="u_preference" sys_domain="global" view="Default view">865a7ccb31e322107f44b6584209a56b</sys_ui_section>
            <sys_updated_by>admin</sys_updated_by>
            <sys_updated_on>2025-08-28 08:26:25</sys_updated_on>
            <sys_user/>
            <type>.begin_split</type>
        </sys_ui_element>
        <sys_ui_element action="INSERT_OR_UPDATE">
            <element>u_notify_by_email</element>
            <position>1</position>
            <sys_created_by>admin</sys_created_by>
            <sys_created_on>2025-08-28 08:26:26</sys_created_on>
            <sys_id>4e5a7ccb31e322107f44b6584209a56e</sys_id>
            <sys_mod_count>0</sys_mod_count>
            <sys_ui_formatter/>
            <sys_ui_section caption="NULL" display_value="" name="u_preference" sys_domain="global" view="Default view">865a7ccb31e322107f44b6584209a56b</sys_ui_section>
            <sys_updated_by>admin</sys_updated_by>
            <sys_updated_on>2025-08-28 08:26:26</sys_updated_on>
            <sys_user/>
            <type/>
        </sys_ui_element>
        <sys_ui_element action="INSERT_OR_UPDATE">
            <element>u_student</element>
            <position>2</position>
            <sys_created_by>admin</sys_created_by>
            <sys_created_on>2025-08-28 08:26:26</sys_created_on>
            <sys_id>c25a7ccb31e322107f44b6584209a56f</sys_id>
            <sys_mod_count>0</sys_mod_count>
            <sys_ui_formatter/>
            <sys_ui_section caption="NULL" display_value="" name="u_preference" sys_domain="global" view="Default view">865a7ccb31e322107f44b6584209a56b</sys_ui_section>
            <sys_updated_by>admin</sys_updated_by>
            <sys_updated_on>2025-08-28 08:26:26</sys_updated_on>
            <sys_user/>
            <type/>
        </sys_ui_element>
        <sys_ui_element action="INSERT_OR_UPDATE">
            <element>.split</element>
            <position>3</position>
            <sys_created_by>admin</sys_created_by>
            <sys_created_on>2025-08-28 08:26:26</sys_created_on>
            <sys_id>4a5a7ccb31e322107f44b6584209a56f</sys_id>
            <sys_mod_count>0</sys_mod_count>
            <sys_ui_formatter/>
            <sys_ui_section caption="NULL" display_value="" name="u_preference" sys_domain="global" view="Default view">865a7ccb31e322107f44b6584209a56b</sys_ui_section>
            <sys_updated_by>admin</sys_updated_by>
            <sys_updated_on>2025-08-28 08:26:26</sys_updated_on>
            <sys_user/>
            <type>.split</type>
        </sys_ui_element>
        <sys_ui_element action="INSERT_OR_UPDATE">
            <element>u_over_budget</element>
            <position>4</position>
            <sys_created_by>admin</sys_created_by>
            <sys_created_on>2025-08-28 08:26:26</sys_created_on>
            <sys_id>ce5a7ccb31e322107f44b6584209a56f</sys_id>
            <sys_mod_count>0</sys_mod_count>
            <sys_ui_formatter/>
            <sys_ui_section caption="NULL" display_value="" name="u_preference" sys_domain="global" view="Default view">865a7ccb31e322107f44b6584209a56b</sys_ui_section>
            <sys_updated_by>admin</sys_updated_by>
            <sys_updated_on>2025-08-28 08:26:26</sys_updated_on>
            <sys_user/>
            <type/>
        </sys_ui_element>
        <sys_ui_element action="INSERT_OR_UPDATE">
            <element>u_bill_day</element>
            <position>5</position>
            <sys_created_by>admin</sys_created_by>
            <sys_created_on>2025-08-28 08:26:26</sys_created_on>
            <sys_id>465a7ccb31e322107f44b6584209a570</sys_id>
            <sys_mod_count>0</sys_mod_count>
            <sys_ui_formatter/>
            <sys_ui_section caption="NULL" display_value="" name="u_preference" sys_domain="global" view="Default view">865a7ccb31e322107f44b6584209a56b</sys_ui_section>
            <sys_updated_by>admin</sys_updated_by>
            <sys_updated_on>2025-08-28 08:26:26</sys_updated_on>
            <sys_user/>
            <type/>
        </sys_ui_element>
        <sys_ui_element action="INSERT_OR_UPDATE">
            <element>.end_split</element>
            <position>6</position>
            <sys_created_by>admin</sys_created_by>
            <sys_created_on>2025-08-28 08:26:26</sys_created_on>
            <sys_id>ca5a7ccb31e322107f44b6584209a570</sys_id>
            <sys_mod_count>0</sys_mod_count>
            <sys_ui_formatter/>
            <sys_ui_section caption="NULL" display_value="" name="u_preference" sys_domain="global" view="Default view">865a7ccb31e322107f44b6584209a56b</sys_ui_section>
            <sys_updated_by>admin</sys_updated_by>
            <sys_updated_on>2025-08-28 08:26:26</sys_updated_on>
            <sys_user/>
            <type>.end_split</type>
        </sys_ui_element>
        <sys_ui_section action="INSERT_OR_UPDATE">
            <caption/>
            <header>false</header>
            <name>u_preference</name>
            <roles/>
            <sys_class_name>sys_ui_section</sys_class_name>
            <sys_created_by>admin</sys_created_by>
            <sys_created_on>2025-08-28 08:26:25</sys_created_on>
            <sys_domain>global</sys_domain>
            <sys_domain_path>/</sys_domain_path>
            <sys_id>865a7ccb31e322107f44b6584209a56b</sys_id>
            <sys_mod_count>0</sys_mod_count>
            <sys_name>u_preference</sys_name>
            <sys_overrides/>
            <sys_package display_value="Student finance management" source="1b66be1674a722107f4433b6ca9e6b46">1b66be1674a722107f4433b6ca9e6b46</sys_package>
            <sys_policy/>
            <sys_scope display_value="Student finance management">1b66be1674a722107f4433b6ca9e6b46</sys_scope>
            <sys_update_name>sys_ui_section_865a7ccb31e322107f44b6584209a56b</sys_update_name>
            <sys_updated_by>admin</sys_updated_by>
            <sys_updated_on>2025-08-28 08:26:25</sys_updated_on>
            <sys_user/>
            <title>true</title>
            <view display_value="Default view" name="NULL">Default view</view>
            <view_name/>
        </sys_ui_section>
    </sys_ui_section>
</record_update>
