<?xml version="1.0" encoding="UTF-8"?><record_update table="sys_transform_entry">
    <sys_transform_entry action="INSERT_OR_UPDATE">
        <choice_action>create</choice_action>
        <coalesce>false</coalesce>
        <coalesce_case_sensitive>false</coalesce_case_sensitive>
        <coalesce_empty_fields>false</coalesce_empty_fields>
        <date_format>yyyy-MM-dd HH:mm:ss</date_format>
        <map display_value="u_imp_tmpl_u_student">ff36e034d83362107f4418c193b98bf6</map>
        <reference_value_field/>
        <source_field>u_year</source_field>
        <source_script><![CDATA[answer = (function transformEntry(source) {

	// Add your code here
	return ""; // return the value to be put into the target field

})(source);]]></source_script>
        <source_table>u_imp_tmpl_u_student</source_table>
        <sys_class_name>sys_transform_entry</sys_class_name>
        <sys_created_by>admin</sys_created_by>
        <sys_created_on>2025-09-02 17:28:00</sys_created_on>
        <sys_id>4c462434d83362107f4418c193b98b29</sys_id>
        <sys_mod_count>0</sys_mod_count>
        <sys_name>u_year</sys_name>
        <sys_package display_value="Student finance management" source="1b66be1674a722107f4433b6ca9e6b46">1b66be1674a722107f4433b6ca9e6b46</sys_package>
        <sys_policy/>
        <sys_scope display_value="Student finance management">1b66be1674a722107f4433b6ca9e6b46</sys_scope>
        <sys_update_name>sys_transform_entry_4c462434d83362107f4418c193b98b29</sys_update_name>
        <sys_updated_by>admin</sys_updated_by>
        <sys_updated_on>2025-09-02 17:28:00</sys_updated_on>
        <target_field>u_integer_4</target_field>
        <target_table>u_student</target_table>
        <use_source_script>false</use_source_script>
    </sys_transform_entry>
</record_update>
