<?xml version="1.0" encoding="UTF-8"?><record_update table="sys_script_include">
    <sys_script_include action="INSERT_OR_UPDATE">
        <access>package_private</access>
        <active>true</active>
        <api_name>global.BudgetUtils</api_name>
        <caller_access/>
        <client_callable>true</client_callable>
        <description/>
        <mobile_callable>false</mobile_callable>
        <name>BudgetUtils</name>
        <sandbox_callable>false</sandbox_callable>
        <script><![CDATA[var BudgetUtils = Class.create();
BudgetUtils.prototype = Object.extendsObject(global.AbstractAjaxProcessor, {
    getStudentTotalExpenses: function() {
        var studentId = this.getParameter('sysparm_student_id');
        var total = 0;
        
        // Corrected field name: 'studen0'
        var gr = new GlideRecord('u_expense');
        gr.addQuery('u_studen0', studentId); 
        gr.query();
        
        while (gr.next()) {
            total += gr.u_expense_amount;
        }
        
        return total.toString();
    },

    type: 'BudgetUtils'
});]]></script>
        <sys_class_name>sys_script_include</sys_class_name>
        <sys_created_by>admin</sys_created_by>
        <sys_created_on>2025-09-06 06:57:27</sys_created_on>
        <sys_id>7d2c36bdbcf322107f44c7dd9b190e9f</sys_id>
        <sys_mod_count>7</sys_mod_count>
        <sys_name>BudgetUtils</sys_name>
        <sys_package display_value="Student finance management" source="1b66be1674a722107f4433b6ca9e6b46">1b66be1674a722107f4433b6ca9e6b46</sys_package>
        <sys_policy/>
        <sys_scope display_value="Student finance management">1b66be1674a722107f4433b6ca9e6b46</sys_scope>
        <sys_update_name>sys_script_include_7d2c36bdbcf322107f44c7dd9b190e9f</sys_update_name>
        <sys_updated_by>admin</sys_updated_by>
        <sys_updated_on>2025-09-06 08:16:05</sys_updated_on>
    </sys_script_include>
    <sys_es_latest_script action="INSERT_OR_UPDATE">
        <id>7d2c36bdbcf322107f44c7dd9b190e9f</id>
        <sys_created_by>admin</sys_created_by>
        <sys_created_on>2025-09-06 06:57:26</sys_created_on>
        <sys_id>4e4c36fdbcf322107f44c7dd9b190e07</sys_id>
        <sys_mod_count>0</sys_mod_count>
        <sys_updated_by>admin</sys_updated_by>
        <sys_updated_on>2025-09-06 06:57:26</sys_updated_on>
        <table>sys_script_include</table>
        <use_es_latest>true</use_es_latest>
    </sys_es_latest_script>
</record_update>
