<?xml version="1.0" encoding="UTF-8"?><record_update>
    <sys_documentation element="u_amount" label="Monthly Income" language="en" table="u_expense">
        <sys_documentation action="INSERT_OR_UPDATE">
            <element>u_amount</element>
            <help/>
            <hint/>
            <label>Monthly Income</label>
            <language>en</language>
            <name>u_expense</name>
            <plural>Monthly Incomes</plural>
            <sys_class_name>sys_documentation</sys_class_name>
            <sys_created_by>admin</sys_created_by>
            <sys_created_on>2025-08-28 08:07:43</sys_created_on>
            <sys_mod_count>2</sys_mod_count>
            <sys_name>Monthly Income</sys_name>
            <sys_package display_value="Student finance management" source="1b66be1674a722107f4433b6ca9e6b46">1b66be1674a722107f4433b6ca9e6b46</sys_package>
            <sys_policy/>
            <sys_scope display_value="Student finance management">1b66be1674a722107f4433b6ca9e6b46</sys_scope>
            <sys_update_name>sys_documentation_u_expense_u_amount_en</sys_update_name>
            <sys_updated_by>admin</sys_updated_by>
            <sys_updated_on>2025-09-02 04:56:38</sys_updated_on>
            <url/>
            <url_target/>
        </sys_documentation>
    </sys_documentation>
</record_update>
