<?xml version="1.0" encoding="UTF-8"?><record_update table="sys_data_source">
    <sys_data_source action="INSERT_OR_UPDATE">
        <batch_size>1000</batch_size>
        <category/>
        <connection_override_last_success_time/>
        <connection_timeout>0</connection_timeout>
        <connection_url>attachment://sys_data_source:f9331a24d8f322107f4418c193b98bc9/student db.xlsx</connection_url>
        <connection_url_parameters/>
        <csv_delimiter/>
        <data_in_single_column>false</data_in_single_column>
        <data_loader><![CDATA[(function loadData(import_set_table, data_source, import_log, last_success_import_time, partition_info) {

 // Add your code here to insert data to import_set_table 

})(import_set_table, data_source, import_log, last_success_import_time, partition_info);]]></data_loader>
        <database_name/>
        <database_port/>
        <discard_arrays>true</discard_arrays>
        <enable_parallel_loading>false</enable_parallel_loading>
        <expand_node_children>false</expand_node_children>
        <file_path>student db.xlsx</file_path>
        <file_retrieval_method>Attachment</file_retrieval_method>
        <format>Excel</format>
        <glide_keystore>false</glide_keystore>
        <header_row>0</header_row>
        <import_set_table_label/>
        <import_set_table_name>u_imp_tmpl_u_student</import_set_table_name>
        <instance_name/>
        <jdbc_password/>
        <jdbc_server/>
        <jdbc_user_name/>
        <jpath_root_node/>
        <last_run_database_field/>
        <last_run_datetime/>
        <last_success_import_time/>
        <ldap_target/>
        <ldapprobe_result_set_rows>200</ldapprobe_result_set_rows>
        <limit/>
        <maximum_rows>10000</maximum_rows>
        <mid_server/>
        <name>student db.xlsx (Uploaded)</name>
        <offset>0</offset>
        <oracle_port>1521</oracle_port>
        <oracle_sid>orcl</oracle_sid>
        <parallel_loading_script><![CDATA[(function loadTasks(parallel_job_loader, data_source, import_log, last_success_import_time) {

	// Invoke third party API, create partitions and insert partitions info in parallel job table

})(parallel_job_loader, data_source, import_log, last_success_import_time);]]></parallel_loading_script>
        <parsing_script><![CDATA[// The input value can be accessed through the variables named "line", "lineNumber" and "result"// The function uses result variable to return parse result back. (function(line,lineNumber,result) {	// add code here})(line,lineNumber,result);]]></parsing_script>
        <properties/>
        <query>All Rows from Table</query>
        <query_timeout>0</query_timeout>
        <request_action/>
        <scp_authentication>Username and Password</scp_authentication>
        <scp_password/>
        <scp_port/>
        <scp_server/>
        <scp_user_name/>
        <sheet_name>1</sheet_name>
        <sheet_number>1</sheet_number>
        <sql_statement/>
        <ssh_keyfile_path/>
        <support_pagination>false</support_pagination>
        <sys_class_name>sys_data_source</sys_class_name>
        <sys_created_by>admin</sys_created_by>
        <sys_created_on>2025-09-02 06:45:36</sys_created_on>
        <sys_id>f9331a24d8f322107f4418c193b98bc9</sys_id>
        <sys_mod_count>1</sys_mod_count>
        <sys_name>student db.xlsx (Uploaded)</sys_name>
        <sys_package display_value="Student finance management" source="1b66be1674a722107f4433b6ca9e6b46">1b66be1674a722107f4433b6ca9e6b46</sys_package>
        <sys_policy/>
        <sys_scope display_value="Student finance management">1b66be1674a722107f4433b6ca9e6b46</sys_scope>
        <sys_update_name>sys_data_source_f9331a24d8f322107f4418c193b98bc9</sys_update_name>
        <sys_updated_by>admin</sys_updated_by>
        <sys_updated_on>2025-09-02 06:45:36</sys_updated_on>
        <table_name/>
        <type>File</type>
        <use_batch_import>false</use_batch_import>
        <use_integrated_authentication>false</use_integrated_authentication>
        <use_last_run_datetime>false</use_last_run_datetime>
        <xpath_root_node/>
        <zipped>false</zipped>
    </sys_data_source>
</record_update>
