<?xml version="1.0" encoding="UTF-8"?><record_update>
    <sys_documentation element="u_string_1" label="Month" language="en" table="u_expense">
        <sys_documentation action="INSERT_OR_UPDATE">
            <element>u_string_1</element>
            <help/>
            <hint/>
            <label>Month</label>
            <language>en</language>
            <name>u_expense</name>
            <plural>Months</plural>
            <sys_class_name>sys_documentation</sys_class_name>
            <sys_created_by>admin</sys_created_by>
            <sys_created_on>2025-09-05 08:42:58</sys_created_on>
            <sys_mod_count>0</sys_mod_count>
            <sys_name>Month</sys_name>
            <sys_package display_value="Student finance management" source="1b66be1674a722107f4433b6ca9e6b46">1b66be1674a722107f4433b6ca9e6b46</sys_package>
            <sys_policy/>
            <sys_scope display_value="Student finance management">1b66be1674a722107f4433b6ca9e6b46</sys_scope>
            <sys_update_name>sys_documentation_u_expense_u_string_1_en</sys_update_name>
            <sys_updated_by>admin</sys_updated_by>
            <sys_updated_on>2025-09-05 08:42:58</sys_updated_on>
            <url/>
            <url_target/>
        </sys_documentation>
    </sys_documentation>
</record_update>
