<?xml version="1.0" encoding="UTF-8"?><record_update table="sys_kmf_module_key_policy">
    <sys_kmf_module_key_policy action="INSERT_OR_UPDATE">
        <crypto_module display_value="global.com_snc_core_automation_connection_credential_glideencrypter">550cd0b07722201099808d1168106121</crypto_module>
        <key_type display_value="Symmetric Key Encryption Key">ca005cf7c7103300af4d43c6f0976328</key_type>
        <last_enforced>2025-09-07 13:10:49</last_enforced>
        <result>reject</result>
        <sys_class_name>sys_kmf_module_key_policy</sys_class_name>
        <sys_created_by>admin</sys_created_by>
        <sys_created_on>2025-09-07 13:10:49</sys_created_on>
        <sys_id>955b51564d7b22107f4452cad5fc9490</sys_id>
        <sys_mod_count>0</sys_mod_count>
        <sys_name/>
        <sys_package display_value="Student finance management" source="1b66be1674a722107f4433b6ca9e6b46">1b66be1674a722107f4433b6ca9e6b46</sys_package>
        <sys_policy/>
        <sys_scope display_value="Student finance management">1b66be1674a722107f4433b6ca9e6b46</sys_scope>
        <sys_update_name>sys_kmf_module_key_policy_955b51564d7b22107f4452cad5fc9490</sys_update_name>
        <sys_updated_by>admin</sys_updated_by>
        <sys_updated_on>2025-09-07 13:10:49</sys_updated_on>
    </sys_kmf_module_key_policy>
</record_update>
