<?xml version="1.0" encoding="UTF-8"?><record_update>
    <sys_ui_section caption="" section_id="132b4830d8bf22107f4418c193b98b39" sys_domain="global" table="u_imp_tmpl_u_student" version="3" view="">
        <sys_ui_element action="INSERT_OR_UPDATE">
            <element>.begin_split</element>
            <position>0</position>
            <sys_created_by>admin</sys_created_by>
            <sys_created_on>2025-09-02 15:29:43</sys_created_on>
            <sys_id>9f2b4830d8bf22107f4418c193b98b46</sys_id>
            <sys_mod_count>0</sys_mod_count>
            <sys_ui_formatter/>
            <sys_ui_section caption="NULL" display_value="" name="u_imp_tmpl_u_student" sys_domain="global" view="Default view">132b4830d8bf22107f4418c193b98b39</sys_ui_section>
            <sys_updated_by>admin</sys_updated_by>
            <sys_updated_on>2025-09-02 15:29:43</sys_updated_on>
            <sys_user/>
            <type>.begin_split</type>
        </sys_ui_element>
        <sys_ui_element action="INSERT_OR_UPDATE">
            <element>u_name</element>
            <position>1</position>
            <sys_created_by>admin</sys_created_by>
            <sys_created_on>2025-09-02 15:29:43</sys_created_on>
            <sys_id>972b4830d8bf22107f4418c193b98b47</sys_id>
            <sys_mod_count>0</sys_mod_count>
            <sys_ui_formatter/>
            <sys_ui_section caption="NULL" display_value="" name="u_imp_tmpl_u_student" sys_domain="global" view="Default view">132b4830d8bf22107f4418c193b98b39</sys_ui_section>
            <sys_updated_by>admin</sys_updated_by>
            <sys_updated_on>2025-09-02 15:29:43</sys_updated_on>
            <sys_user/>
            <type/>
        </sys_ui_element>
        <sys_ui_element action="INSERT_OR_UPDATE">
            <element>u_year</element>
            <position>2</position>
            <sys_created_by>admin</sys_created_by>
            <sys_created_on>2025-09-02 15:29:43</sys_created_on>
            <sys_id>9f2b4830d8bf22107f4418c193b98b47</sys_id>
            <sys_mod_count>0</sys_mod_count>
            <sys_ui_formatter/>
            <sys_ui_section caption="NULL" display_value="" name="u_imp_tmpl_u_student" sys_domain="global" view="Default view">132b4830d8bf22107f4418c193b98b39</sys_ui_section>
            <sys_updated_by>admin</sys_updated_by>
            <sys_updated_on>2025-09-02 15:29:43</sys_updated_on>
            <sys_user/>
            <type/>
        </sys_ui_element>
        <sys_ui_element action="INSERT_OR_UPDATE">
            <element>u_department</element>
            <position>3</position>
            <sys_created_by>admin</sys_created_by>
            <sys_created_on>2025-09-02 15:29:43</sys_created_on>
            <sys_id>972b4830d8bf22107f4418c193b98b48</sys_id>
            <sys_mod_count>0</sys_mod_count>
            <sys_ui_formatter/>
            <sys_ui_section caption="NULL" display_value="" name="u_imp_tmpl_u_student" sys_domain="global" view="Default view">132b4830d8bf22107f4418c193b98b39</sys_ui_section>
            <sys_updated_by>admin</sys_updated_by>
            <sys_updated_on>2025-09-02 15:29:43</sys_updated_on>
            <sys_user/>
            <type/>
        </sys_ui_element>
        <sys_ui_element action="INSERT_OR_UPDATE">
            <element>.split</element>
            <position>4</position>
            <sys_created_by>admin</sys_created_by>
            <sys_created_on>2025-09-02 15:29:43</sys_created_on>
            <sys_id>9f2b4830d8bf22107f4418c193b98b48</sys_id>
            <sys_mod_count>0</sys_mod_count>
            <sys_ui_formatter/>
            <sys_ui_section caption="NULL" display_value="" name="u_imp_tmpl_u_student" sys_domain="global" view="Default view">132b4830d8bf22107f4418c193b98b39</sys_ui_section>
            <sys_updated_by>admin</sys_updated_by>
            <sys_updated_on>2025-09-02 15:29:43</sys_updated_on>
            <sys_user/>
            <type>.split</type>
        </sys_ui_element>
        <sys_ui_element action="INSERT_OR_UPDATE">
            <element>u_email</element>
            <position>5</position>
            <sys_created_by>admin</sys_created_by>
            <sys_created_on>2025-09-02 15:29:43</sys_created_on>
            <sys_id>972b4830d8bf22107f4418c193b98b49</sys_id>
            <sys_mod_count>0</sys_mod_count>
            <sys_ui_formatter/>
            <sys_ui_section caption="NULL" display_value="" name="u_imp_tmpl_u_student" sys_domain="global" view="Default view">132b4830d8bf22107f4418c193b98b39</sys_ui_section>
            <sys_updated_by>admin</sys_updated_by>
            <sys_updated_on>2025-09-02 15:29:43</sys_updated_on>
            <sys_user/>
            <type/>
        </sys_ui_element>
        <sys_ui_element action="INSERT_OR_UPDATE">
            <element>u_student_id</element>
            <position>6</position>
            <sys_created_by>admin</sys_created_by>
            <sys_created_on>2025-09-02 15:29:43</sys_created_on>
            <sys_id>9f2b4830d8bf22107f4418c193b98b49</sys_id>
            <sys_mod_count>0</sys_mod_count>
            <sys_ui_formatter/>
            <sys_ui_section caption="NULL" display_value="" name="u_imp_tmpl_u_student" sys_domain="global" view="Default view">132b4830d8bf22107f4418c193b98b39</sys_ui_section>
            <sys_updated_by>admin</sys_updated_by>
            <sys_updated_on>2025-09-02 15:29:43</sys_updated_on>
            <sys_user/>
            <type/>
        </sys_ui_element>
        <sys_ui_element action="INSERT_OR_UPDATE">
            <element>.end_split</element>
            <position>7</position>
            <sys_created_by>admin</sys_created_by>
            <sys_created_on>2025-09-02 15:29:43</sys_created_on>
            <sys_id>972b4830d8bf22107f4418c193b98b4a</sys_id>
            <sys_mod_count>0</sys_mod_count>
            <sys_ui_formatter/>
            <sys_ui_section caption="NULL" display_value="" name="u_imp_tmpl_u_student" sys_domain="global" view="Default view">132b4830d8bf22107f4418c193b98b39</sys_ui_section>
            <sys_updated_by>admin</sys_updated_by>
            <sys_updated_on>2025-09-02 15:29:43</sys_updated_on>
            <sys_user/>
            <type>.end_split</type>
        </sys_ui_element>
        <sys_ui_element action="INSERT_OR_UPDATE">
            <element>template_import_log.message</element>
            <position>8</position>
            <sys_created_by>admin</sys_created_by>
            <sys_created_on>2025-09-02 15:29:43</sys_created_on>
            <sys_id>9f2b4830d8bf22107f4418c193b98b4a</sys_id>
            <sys_mod_count>0</sys_mod_count>
            <sys_ui_formatter/>
            <sys_ui_section caption="NULL" display_value="" name="u_imp_tmpl_u_student" sys_domain="global" view="Default view">132b4830d8bf22107f4418c193b98b39</sys_ui_section>
            <sys_updated_by>admin</sys_updated_by>
            <sys_updated_on>2025-09-02 15:29:43</sys_updated_on>
            <sys_user/>
            <type/>
        </sys_ui_element>
        <sys_ui_section action="INSERT_OR_UPDATE">
            <caption/>
            <header>false</header>
            <name>u_imp_tmpl_u_student</name>
            <roles/>
            <sys_class_name>sys_ui_section</sys_class_name>
            <sys_created_by>admin</sys_created_by>
            <sys_created_on>2025-09-02 15:29:43</sys_created_on>
            <sys_domain>global</sys_domain>
            <sys_domain_path>/</sys_domain_path>
            <sys_id>132b4830d8bf22107f4418c193b98b39</sys_id>
            <sys_mod_count>0</sys_mod_count>
            <sys_name>u_imp_tmpl_u_student</sys_name>
            <sys_overrides/>
            <sys_package display_value="Student finance management" source="1b66be1674a722107f4433b6ca9e6b46">1b66be1674a722107f4433b6ca9e6b46</sys_package>
            <sys_policy/>
            <sys_scope display_value="Student finance management">1b66be1674a722107f4433b6ca9e6b46</sys_scope>
            <sys_update_name>sys_ui_section_132b4830d8bf22107f4418c193b98b39</sys_update_name>
            <sys_updated_by>admin</sys_updated_by>
            <sys_updated_on>2025-09-02 15:29:43</sys_updated_on>
            <sys_user/>
            <title>false</title>
            <view display_value="Default view" name="NULL">Default view</view>
            <view_name/>
        </sys_ui_section>
    </sys_ui_section>
</record_update>
