<?xml version="1.0" encoding="UTF-8"?><record_update>
    <sys_ui_list parent="" relationship="" sys_domain="global" table="u_expense" version="2" view="">
        <sys_ui_list_element action="INSERT_OR_UPDATE">
            <average_value>false</average_value>
            <element>u_studen0</element>
            <list_id display_value="u_expense" element="NULL" name="u_expense" parent="NULL" relationship="NULL" sys_domain="global" view="Default view">589e62bdbcb322107f44c7dd9b190e0a</list_id>
            <max_value>false</max_value>
            <min_value>false</min_value>
            <position>0</position>
            <sum>false</sum>
            <sys_created_by>admin</sys_created_by>
            <sys_created_on>2025-09-06 05:57:31</sys_created_on>
            <sys_id>509e62bdbcb322107f44c7dd9b190e0c</sys_id>
            <sys_mod_count>0</sys_mod_count>
            <sys_updated_by>admin</sys_updated_by>
            <sys_updated_on>2025-09-06 05:57:31</sys_updated_on>
        </sys_ui_list_element>
        <sys_ui_list_element action="INSERT_OR_UPDATE">
            <average_value>false</average_value>
            <element>u_amount</element>
            <list_id display_value="u_expense" element="NULL" name="u_expense" parent="NULL" relationship="NULL" sys_domain="global" view="Default view">589e62bdbcb322107f44c7dd9b190e0a</list_id>
            <max_value>false</max_value>
            <min_value>false</min_value>
            <position>1</position>
            <sum>false</sum>
            <sys_created_by>admin</sys_created_by>
            <sys_created_on>2025-09-06 05:57:31</sys_created_on>
            <sys_id>989e62bdbcb322107f44c7dd9b190e0c</sys_id>
            <sys_mod_count>0</sys_mod_count>
            <sys_updated_by>admin</sys_updated_by>
            <sys_updated_on>2025-09-06 05:57:31</sys_updated_on>
        </sys_ui_list_element>
        <sys_ui_list_element action="INSERT_OR_UPDATE">
            <average_value>false</average_value>
            <element>u_string_1</element>
            <list_id display_value="u_expense" element="NULL" name="u_expense" parent="NULL" relationship="NULL" sys_domain="global" view="Default view">589e62bdbcb322107f44c7dd9b190e0a</list_id>
            <max_value>false</max_value>
            <min_value>false</min_value>
            <position>2</position>
            <sum>false</sum>
            <sys_created_by>admin</sys_created_by>
            <sys_created_on>2025-09-06 05:57:31</sys_created_on>
            <sys_id>9c9e62bdbcb322107f44c7dd9b190e0c</sys_id>
            <sys_mod_count>0</sys_mod_count>
            <sys_updated_by>admin</sys_updated_by>
            <sys_updated_on>2025-09-06 05:57:31</sys_updated_on>
        </sys_ui_list_element>
        <sys_ui_list_element action="INSERT_OR_UPDATE">
            <average_value>false</average_value>
            <element>u_expense_amount</element>
            <list_id display_value="u_expense" element="NULL" name="u_expense" parent="NULL" relationship="NULL" sys_domain="global" view="Default view">589e62bdbcb322107f44c7dd9b190e0a</list_id>
            <max_value>false</max_value>
            <min_value>false</min_value>
            <position>3</position>
            <sum>false</sum>
            <sys_created_by>admin</sys_created_by>
            <sys_created_on>2025-09-06 05:57:31</sys_created_on>
            <sys_id>909e62bdbcb322107f44c7dd9b190e0d</sys_id>
            <sys_mod_count>0</sys_mod_count>
            <sys_updated_by>admin</sys_updated_by>
            <sys_updated_on>2025-09-06 05:57:31</sys_updated_on>
        </sys_ui_list_element>
        <sys_ui_list_element action="INSERT_OR_UPDATE">
            <average_value>false</average_value>
            <element>u_choice_1</element>
            <list_id display_value="u_expense" element="NULL" name="u_expense" parent="NULL" relationship="NULL" sys_domain="global" view="Default view">589e62bdbcb322107f44c7dd9b190e0a</list_id>
            <max_value>false</max_value>
            <min_value>false</min_value>
            <position>4</position>
            <sum>false</sum>
            <sys_created_by>admin</sys_created_by>
            <sys_created_on>2025-09-06 05:57:31</sys_created_on>
            <sys_id>949e62bdbcb322107f44c7dd9b190e0d</sys_id>
            <sys_mod_count>0</sys_mod_count>
            <sys_updated_by>admin</sys_updated_by>
            <sys_updated_on>2025-09-06 05:57:31</sys_updated_on>
        </sys_ui_list_element>
        <sys_ui_list_element action="INSERT_OR_UPDATE">
            <average_value>false</average_value>
            <element>u_integer_1</element>
            <list_id display_value="u_expense" element="NULL" name="u_expense" parent="NULL" relationship="NULL" sys_domain="global" view="Default view">589e62bdbcb322107f44c7dd9b190e0a</list_id>
            <max_value>false</max_value>
            <min_value>false</min_value>
            <position>5</position>
            <sum>false</sum>
            <sys_created_by>admin</sys_created_by>
            <sys_created_on>2025-09-06 05:57:31</sys_created_on>
            <sys_id>989e62bdbcb322107f44c7dd9b190e0d</sys_id>
            <sys_mod_count>0</sys_mod_count>
            <sys_updated_by>admin</sys_updated_by>
            <sys_updated_on>2025-09-06 05:57:31</sys_updated_on>
        </sys_ui_list_element>
        <sys_ui_list action="INSERT_OR_UPDATE">
            <average_value>false</average_value>
            <element/>
            <max_value>false</max_value>
            <min_value>false</min_value>
            <name>u_expense</name>
            <parent/>
            <position/>
            <relationship/>
            <sum>false</sum>
            <sys_class_name>sys_ui_list</sys_class_name>
            <sys_created_by>admin</sys_created_by>
            <sys_created_on>2025-09-06 05:57:31</sys_created_on>
            <sys_domain>global</sys_domain>
            <sys_domain_path>/</sys_domain_path>
            <sys_id>589e62bdbcb322107f44c7dd9b190e0a</sys_id>
            <sys_mod_count>0</sys_mod_count>
            <sys_name>u_expense</sys_name>
            <sys_package display_value="Student finance management" source="1b66be1674a722107f4433b6ca9e6b46">1b66be1674a722107f4433b6ca9e6b46</sys_package>
            <sys_policy/>
            <sys_scope display_value="Student finance management">1b66be1674a722107f4433b6ca9e6b46</sys_scope>
            <sys_update_name>sys_ui_list_u_expense_null</sys_update_name>
            <sys_updated_by>admin</sys_updated_by>
            <sys_updated_on>2025-09-06 05:57:31</sys_updated_on>
            <sys_user/>
            <view display_value="Default view" name="NULL">Default view</view>
            <view_name/>
        </sys_ui_list>
    </sys_ui_list>
</record_update>
