<?xml version="1.0" encoding="UTF-8"?><record_update>
    <sys_ui_section caption="" section_id="9faa2b0e4d3322107f4452cad5fc94ee" sys_domain="global" table="u_kb_template_student_finance_article" version="3" view="">
        <sys_ui_element action="INSERT_OR_UPDATE">
            <element>knowledge_gen_ai_message.xml</element>
            <position>0</position>
            <sys_created_by>admin</sys_created_by>
            <sys_created_on>2025-09-07 05:20:03</sys_created_on>
            <sys_id>d19fab064d7322107f4452cad5fc942c</sys_id>
            <sys_mod_count>0</sys_mod_count>
            <sys_ui_formatter display_value="Knowledge Gen AI Message">43fdbfbbc3b9b110d3ff8cab3c40dd97</sys_ui_formatter>
            <sys_ui_section caption="NULL" display_value="" name="u_kb_template_student_finance_article" sys_domain="global" view="Default view">9faa2b0e4d3322107f4452cad5fc94ee</sys_ui_section>
            <sys_updated_by>admin</sys_updated_by>
            <sys_updated_on>2025-09-07 05:20:03</sys_updated_on>
            <sys_user/>
            <type>formatter</type>
        </sys_ui_element>
        <sys_ui_element action="INSERT_OR_UPDATE">
            <element>knowledge_now_assist_modal.xml</element>
            <position>1</position>
            <sys_created_by>admin</sys_created_by>
            <sys_created_on>2025-09-07 05:20:03</sys_created_on>
            <sys_id>999fab064d7322107f4452cad5fc942c</sys_id>
            <sys_mod_count>0</sys_mod_count>
            <sys_ui_formatter display_value="Knowledge Now Assist Modal">435fbe6283ec0e5039fd5defeeaad3fe</sys_ui_formatter>
            <sys_ui_section caption="NULL" display_value="" name="u_kb_template_student_finance_article" sys_domain="global" view="Default view">9faa2b0e4d3322107f4452cad5fc94ee</sys_ui_section>
            <sys_updated_by>admin</sys_updated_by>
            <sys_updated_on>2025-09-07 05:20:03</sys_updated_on>
            <sys_user/>
            <type>formatter</type>
        </sys_ui_element>
        <sys_ui_element action="INSERT_OR_UPDATE">
            <element>.begin_split</element>
            <position>2</position>
            <sys_created_by>admin</sys_created_by>
            <sys_created_on>2025-09-07 05:20:03</sys_created_on>
            <sys_id>519fab064d7322107f4452cad5fc942d</sys_id>
            <sys_mod_count>0</sys_mod_count>
            <sys_ui_formatter/>
            <sys_ui_section caption="NULL" display_value="" name="u_kb_template_student_finance_article" sys_domain="global" view="Default view">9faa2b0e4d3322107f4452cad5fc94ee</sys_ui_section>
            <sys_updated_by>admin</sys_updated_by>
            <sys_updated_on>2025-09-07 05:20:03</sys_updated_on>
            <sys_user/>
            <type>.begin_split</type>
        </sys_ui_element>
        <sys_ui_element action="INSERT_OR_UPDATE">
            <element>number</element>
            <position>3</position>
            <sys_created_by>admin</sys_created_by>
            <sys_created_on>2025-09-07 05:20:03</sys_created_on>
            <sys_id>d59fab064d7322107f4452cad5fc942d</sys_id>
            <sys_mod_count>0</sys_mod_count>
            <sys_ui_formatter/>
            <sys_ui_section caption="NULL" display_value="" name="u_kb_template_student_finance_article" sys_domain="global" view="Default view">9faa2b0e4d3322107f4452cad5fc94ee</sys_ui_section>
            <sys_updated_by>admin</sys_updated_by>
            <sys_updated_on>2025-09-07 05:20:03</sys_updated_on>
            <sys_user/>
            <type/>
        </sys_ui_element>
        <sys_ui_element action="INSERT_OR_UPDATE">
            <element>kb_knowledge_base</element>
            <position>4</position>
            <sys_created_by>admin</sys_created_by>
            <sys_created_on>2025-09-07 05:20:03</sys_created_on>
            <sys_id>5d9fab064d7322107f4452cad5fc942d</sys_id>
            <sys_mod_count>0</sys_mod_count>
            <sys_ui_formatter/>
            <sys_ui_section caption="NULL" display_value="" name="u_kb_template_student_finance_article" sys_domain="global" view="Default view">9faa2b0e4d3322107f4452cad5fc94ee</sys_ui_section>
            <sys_updated_by>admin</sys_updated_by>
            <sys_updated_on>2025-09-07 05:20:03</sys_updated_on>
            <sys_user/>
            <type/>
        </sys_ui_element>
        <sys_ui_element action="INSERT_OR_UPDATE">
            <element>kb_category</element>
            <position>5</position>
            <sys_created_by>admin</sys_created_by>
            <sys_created_on>2025-09-07 05:20:03</sys_created_on>
            <sys_id>d19fab064d7322107f4452cad5fc942e</sys_id>
            <sys_mod_count>0</sys_mod_count>
            <sys_ui_formatter/>
            <sys_ui_section caption="NULL" display_value="" name="u_kb_template_student_finance_article" sys_domain="global" view="Default view">9faa2b0e4d3322107f4452cad5fc94ee</sys_ui_section>
            <sys_updated_by>admin</sys_updated_by>
            <sys_updated_on>2025-09-07 05:20:03</sys_updated_on>
            <sys_user/>
            <type/>
        </sys_ui_element>
        <sys_ui_element action="INSERT_OR_UPDATE">
            <element>ownership_group</element>
            <position>6</position>
            <sys_created_by>admin</sys_created_by>
            <sys_created_on>2025-09-07 05:20:03</sys_created_on>
            <sys_id>599fab064d7322107f4452cad5fc942e</sys_id>
            <sys_mod_count>0</sys_mod_count>
            <sys_ui_formatter/>
            <sys_ui_section caption="NULL" display_value="" name="u_kb_template_student_finance_article" sys_domain="global" view="Default view">9faa2b0e4d3322107f4452cad5fc94ee</sys_ui_section>
            <sys_updated_by>admin</sys_updated_by>
            <sys_updated_on>2025-09-07 05:20:03</sys_updated_on>
            <sys_user/>
            <type/>
        </sys_ui_element>
        <sys_ui_element action="INSERT_OR_UPDATE">
            <element>published</element>
            <position>7</position>
            <sys_created_by>admin</sys_created_by>
            <sys_created_on>2025-09-07 05:20:03</sys_created_on>
            <sys_id>dd9fab064d7322107f4452cad5fc942e</sys_id>
            <sys_mod_count>0</sys_mod_count>
            <sys_ui_formatter/>
            <sys_ui_section caption="NULL" display_value="" name="u_kb_template_student_finance_article" sys_domain="global" view="Default view">9faa2b0e4d3322107f4452cad5fc94ee</sys_ui_section>
            <sys_updated_by>admin</sys_updated_by>
            <sys_updated_on>2025-09-07 05:20:03</sys_updated_on>
            <sys_user/>
            <type/>
        </sys_ui_element>
        <sys_ui_element action="INSERT_OR_UPDATE">
            <element>scheduled_publish_date</element>
            <position>8</position>
            <sys_created_by>admin</sys_created_by>
            <sys_created_on>2025-09-07 05:20:03</sys_created_on>
            <sys_id>559fab064d7322107f4452cad5fc942f</sys_id>
            <sys_mod_count>0</sys_mod_count>
            <sys_ui_formatter/>
            <sys_ui_section caption="NULL" display_value="" name="u_kb_template_student_finance_article" sys_domain="global" view="Default view">9faa2b0e4d3322107f4452cad5fc94ee</sys_ui_section>
            <sys_updated_by>admin</sys_updated_by>
            <sys_updated_on>2025-09-07 05:20:03</sys_updated_on>
            <sys_user/>
            <type/>
        </sys_ui_element>
        <sys_ui_element action="INSERT_OR_UPDATE">
            <element>valid_to</element>
            <position>9</position>
            <sys_created_by>admin</sys_created_by>
            <sys_created_on>2025-09-07 05:20:03</sys_created_on>
            <sys_id>d99fab064d7322107f4452cad5fc942f</sys_id>
            <sys_mod_count>0</sys_mod_count>
            <sys_ui_formatter/>
            <sys_ui_section caption="NULL" display_value="" name="u_kb_template_student_finance_article" sys_domain="global" view="Default view">9faa2b0e4d3322107f4452cad5fc94ee</sys_ui_section>
            <sys_updated_by>admin</sys_updated_by>
            <sys_updated_on>2025-09-07 05:20:03</sys_updated_on>
            <sys_user/>
            <type/>
        </sys_ui_element>
        <sys_ui_element action="INSERT_OR_UPDATE">
            <element>.split</element>
            <position>10</position>
            <sys_created_by>admin</sys_created_by>
            <sys_created_on>2025-09-07 05:20:03</sys_created_on>
            <sys_id>619fab064d7322107f4452cad5fc9430</sys_id>
            <sys_mod_count>0</sys_mod_count>
            <sys_ui_formatter/>
            <sys_ui_section caption="NULL" display_value="" name="u_kb_template_student_finance_article" sys_domain="global" view="Default view">9faa2b0e4d3322107f4452cad5fc94ee</sys_ui_section>
            <sys_updated_by>admin</sys_updated_by>
            <sys_updated_on>2025-09-07 05:20:03</sys_updated_on>
            <sys_user/>
            <type>.split</type>
        </sys_ui_element>
        <sys_ui_element action="INSERT_OR_UPDATE">
            <element>version</element>
            <position>11</position>
            <sys_created_by>admin</sys_created_by>
            <sys_created_on>2025-09-07 05:20:03</sys_created_on>
            <sys_id>e59fab064d7322107f4452cad5fc9430</sys_id>
            <sys_mod_count>0</sys_mod_count>
            <sys_ui_formatter/>
            <sys_ui_section caption="NULL" display_value="" name="u_kb_template_student_finance_article" sys_domain="global" view="Default view">9faa2b0e4d3322107f4452cad5fc94ee</sys_ui_section>
            <sys_updated_by>admin</sys_updated_by>
            <sys_updated_on>2025-09-07 05:20:03</sys_updated_on>
            <sys_user/>
            <type/>
        </sys_ui_element>
        <sys_ui_element action="INSERT_OR_UPDATE">
            <element>article_type</element>
            <position>12</position>
            <sys_created_by>admin</sys_created_by>
            <sys_created_on>2025-09-07 05:20:03</sys_created_on>
            <sys_id>6d9fab064d7322107f4452cad5fc9430</sys_id>
            <sys_mod_count>0</sys_mod_count>
            <sys_ui_formatter/>
            <sys_ui_section caption="NULL" display_value="" name="u_kb_template_student_finance_article" sys_domain="global" view="Default view">9faa2b0e4d3322107f4452cad5fc94ee</sys_ui_section>
            <sys_updated_by>admin</sys_updated_by>
            <sys_updated_on>2025-09-07 05:20:03</sys_updated_on>
            <sys_user/>
            <type/>
        </sys_ui_element>
        <sys_ui_element action="INSERT_OR_UPDATE">
            <element>workflow_state</element>
            <position>13</position>
            <sys_created_by>admin</sys_created_by>
            <sys_created_on>2025-09-07 05:20:03</sys_created_on>
            <sys_id>e19fab064d7322107f4452cad5fc9431</sys_id>
            <sys_mod_count>0</sys_mod_count>
            <sys_ui_formatter/>
            <sys_ui_section caption="NULL" display_value="" name="u_kb_template_student_finance_article" sys_domain="global" view="Default view">9faa2b0e4d3322107f4452cad5fc94ee</sys_ui_section>
            <sys_updated_by>admin</sys_updated_by>
            <sys_updated_on>2025-09-07 05:20:03</sys_updated_on>
            <sys_user/>
            <type/>
        </sys_ui_element>
        <sys_ui_element action="INSERT_OR_UPDATE">
            <element>source</element>
            <position>14</position>
            <sys_created_by>admin</sys_created_by>
            <sys_created_on>2025-09-07 05:20:03</sys_created_on>
            <sys_id>699fab064d7322107f4452cad5fc9431</sys_id>
            <sys_mod_count>0</sys_mod_count>
            <sys_ui_formatter/>
            <sys_ui_section caption="NULL" display_value="" name="u_kb_template_student_finance_article" sys_domain="global" view="Default view">9faa2b0e4d3322107f4452cad5fc94ee</sys_ui_section>
            <sys_updated_by>admin</sys_updated_by>
            <sys_updated_on>2025-09-07 05:20:03</sys_updated_on>
            <sys_user/>
            <type/>
        </sys_ui_element>
        <sys_ui_element action="INSERT_OR_UPDATE">
            <element>latest_aqi</element>
            <position>15</position>
            <sys_created_by>admin</sys_created_by>
            <sys_created_on>2025-09-07 05:20:03</sys_created_on>
            <sys_id>ed9fab064d7322107f4452cad5fc9431</sys_id>
            <sys_mod_count>0</sys_mod_count>
            <sys_ui_formatter/>
            <sys_ui_section caption="NULL" display_value="" name="u_kb_template_student_finance_article" sys_domain="global" view="Default view">9faa2b0e4d3322107f4452cad5fc94ee</sys_ui_section>
            <sys_updated_by>admin</sys_updated_by>
            <sys_updated_on>2025-09-07 05:20:03</sys_updated_on>
            <sys_user/>
            <type/>
        </sys_ui_element>
        <sys_ui_element action="INSERT_OR_UPDATE">
            <element>direct</element>
            <position>16</position>
            <sys_created_by>admin</sys_created_by>
            <sys_created_on>2025-09-07 05:20:03</sys_created_on>
            <sys_id>659fab064d7322107f4452cad5fc9432</sys_id>
            <sys_mod_count>0</sys_mod_count>
            <sys_ui_formatter/>
            <sys_ui_section caption="NULL" display_value="" name="u_kb_template_student_finance_article" sys_domain="global" view="Default view">9faa2b0e4d3322107f4452cad5fc94ee</sys_ui_section>
            <sys_updated_by>admin</sys_updated_by>
            <sys_updated_on>2025-09-07 05:20:03</sys_updated_on>
            <sys_user/>
            <type/>
        </sys_ui_element>
        <sys_ui_element action="INSERT_OR_UPDATE">
            <element>display_attachments</element>
            <position>17</position>
            <sys_created_by>admin</sys_created_by>
            <sys_created_on>2025-09-07 05:20:03</sys_created_on>
            <sys_id>e99fab064d7322107f4452cad5fc9432</sys_id>
            <sys_mod_count>0</sys_mod_count>
            <sys_ui_formatter/>
            <sys_ui_section caption="NULL" display_value="" name="u_kb_template_student_finance_article" sys_domain="global" view="Default view">9faa2b0e4d3322107f4452cad5fc94ee</sys_ui_section>
            <sys_updated_by>admin</sys_updated_by>
            <sys_updated_on>2025-09-07 05:20:03</sys_updated_on>
            <sys_user/>
            <type/>
        </sys_ui_element>
        <sys_ui_element action="INSERT_OR_UPDATE">
            <element>.end_split</element>
            <position>18</position>
            <sys_created_by>admin</sys_created_by>
            <sys_created_on>2025-09-07 05:20:03</sys_created_on>
            <sys_id>619fab064d7322107f4452cad5fc9433</sys_id>
            <sys_mod_count>0</sys_mod_count>
            <sys_ui_formatter/>
            <sys_ui_section caption="NULL" display_value="" name="u_kb_template_student_finance_article" sys_domain="global" view="Default view">9faa2b0e4d3322107f4452cad5fc94ee</sys_ui_section>
            <sys_updated_by>admin</sys_updated_by>
            <sys_updated_on>2025-09-07 05:20:03</sys_updated_on>
            <sys_user/>
            <type>.end_split</type>
        </sys_ui_element>
        <sys_ui_element action="INSERT_OR_UPDATE">
            <element>short_description</element>
            <position>19</position>
            <sys_created_by>admin</sys_created_by>
            <sys_created_on>2025-09-07 05:20:03</sys_created_on>
            <sys_id>e59fab064d7322107f4452cad5fc9433</sys_id>
            <sys_mod_count>0</sys_mod_count>
            <sys_ui_formatter/>
            <sys_ui_section caption="NULL" display_value="" name="u_kb_template_student_finance_article" sys_domain="global" view="Default view">9faa2b0e4d3322107f4452cad5fc94ee</sys_ui_section>
            <sys_updated_by>admin</sys_updated_by>
            <sys_updated_on>2025-09-07 05:20:03</sys_updated_on>
            <sys_user/>
            <type/>
        </sys_ui_element>
        <sys_ui_element action="INSERT_OR_UPDATE">
            <element>text</element>
            <position>20</position>
            <sys_created_by>admin</sys_created_by>
            <sys_created_on>2025-09-07 05:20:03</sys_created_on>
            <sys_id>6d9fab064d7322107f4452cad5fc9433</sys_id>
            <sys_mod_count>0</sys_mod_count>
            <sys_ui_formatter/>
            <sys_ui_section caption="NULL" display_value="" name="u_kb_template_student_finance_article" sys_domain="global" view="Default view">9faa2b0e4d3322107f4452cad5fc94ee</sys_ui_section>
            <sys_updated_by>admin</sys_updated_by>
            <sys_updated_on>2025-09-07 05:20:03</sys_updated_on>
            <sys_user/>
            <type/>
        </sys_ui_element>
        <sys_ui_element action="INSERT_OR_UPDATE">
            <element>wiki</element>
            <position>21</position>
            <sys_created_by>admin</sys_created_by>
            <sys_created_on>2025-09-07 05:20:03</sys_created_on>
            <sys_id>e19fab064d7322107f4452cad5fc9434</sys_id>
            <sys_mod_count>0</sys_mod_count>
            <sys_ui_formatter/>
            <sys_ui_section caption="NULL" display_value="" name="u_kb_template_student_finance_article" sys_domain="global" view="Default view">9faa2b0e4d3322107f4452cad5fc94ee</sys_ui_section>
            <sys_updated_by>admin</sys_updated_by>
            <sys_updated_on>2025-09-07 05:20:03</sys_updated_on>
            <sys_user/>
            <type/>
        </sys_ui_element>
        <sys_ui_element action="INSERT_OR_UPDATE">
            <element>knowledge_form_embedded_queries</element>
            <position>22</position>
            <sys_created_by>admin</sys_created_by>
            <sys_created_on>2025-09-07 05:20:03</sys_created_on>
            <sys_id>699fab064d7322107f4452cad5fc9434</sys_id>
            <sys_mod_count>0</sys_mod_count>
            <sys_ui_formatter display_value="Knowledge Form Embedded Queries">fcd2bd32878dc65025f299b73cbb35b4</sys_ui_formatter>
            <sys_ui_section caption="NULL" display_value="" name="u_kb_template_student_finance_article" sys_domain="global" view="Default view">9faa2b0e4d3322107f4452cad5fc94ee</sys_ui_section>
            <sys_updated_by>admin</sys_updated_by>
            <sys_updated_on>2025-09-07 05:20:03</sys_updated_on>
            <sys_user/>
            <type>formatter</type>
        </sys_ui_element>
        <sys_ui_element action="INSERT_OR_UPDATE">
            <element>cxs_table_search.xml</element>
            <position>23</position>
            <sys_created_by>admin</sys_created_by>
            <sys_created_on>2025-09-07 05:20:03</sys_created_on>
            <sys_id>219fab064d7322107f4452cad5fc9435</sys_id>
            <sys_mod_count>0</sys_mod_count>
            <sys_ui_formatter display_value="Contextual Search Results">11eb1622eb1121003623666cd206fe56</sys_ui_formatter>
            <sys_ui_section caption="NULL" display_value="" name="u_kb_template_student_finance_article" sys_domain="global" view="Default view">9faa2b0e4d3322107f4452cad5fc94ee</sys_ui_section>
            <sys_updated_by>admin</sys_updated_by>
            <sys_updated_on>2025-09-07 05:20:03</sys_updated_on>
            <sys_user/>
            <type>formatter</type>
        </sys_ui_element>
        <sys_ui_element action="INSERT_OR_UPDATE">
            <element>u_kb_article_body</element>
            <position>24</position>
            <sys_created_by>admin</sys_created_by>
            <sys_created_on>2025-09-07 05:36:00</sys_created_on>
            <sys_id>0333b34a4d7322107f4452cad5fc9499</sys_id>
            <sys_mod_count>0</sys_mod_count>
            <sys_ui_formatter/>
            <sys_ui_section caption="NULL" display_value="" name="u_kb_template_student_finance_article" sys_domain="global" view="Default view">9faa2b0e4d3322107f4452cad5fc94ee</sys_ui_section>
            <sys_updated_by>admin</sys_updated_by>
            <sys_updated_on>2025-09-07 05:36:00</sys_updated_on>
            <sys_user/>
            <type/>
        </sys_ui_element>
        <sys_ui_element action="INSERT_OR_UPDATE">
            <element>u_kb_eligibility</element>
            <position>25</position>
            <sys_created_by>admin</sys_created_by>
            <sys_created_on>2025-09-07 05:40:56</sys_created_on>
            <sys_id>a354bb8a4d7322107f4452cad5fc94c4</sys_id>
            <sys_mod_count>0</sys_mod_count>
            <sys_ui_formatter/>
            <sys_ui_section caption="NULL" display_value="" name="u_kb_template_student_finance_article" sys_domain="global" view="Default view">9faa2b0e4d3322107f4452cad5fc94ee</sys_ui_section>
            <sys_updated_by>admin</sys_updated_by>
            <sys_updated_on>2025-09-07 05:40:56</sys_updated_on>
            <sys_user/>
            <type/>
        </sys_ui_element>
        <sys_ui_element action="INSERT_OR_UPDATE">
            <element>u_kb_instructions</element>
            <position>26</position>
            <sys_created_by>admin</sys_created_by>
            <sys_created_on>2025-09-07 05:41:19</sys_created_on>
            <sys_id>b4743f8a4d7322107f4452cad5fc948c</sys_id>
            <sys_mod_count>0</sys_mod_count>
            <sys_ui_formatter/>
            <sys_ui_section caption="NULL" display_value="" name="u_kb_template_student_finance_article" sys_domain="global" view="Default view">9faa2b0e4d3322107f4452cad5fc94ee</sys_ui_section>
            <sys_updated_by>admin</sys_updated_by>
            <sys_updated_on>2025-09-07 05:41:19</sys_updated_on>
            <sys_user/>
            <type/>
        </sys_ui_element>
        <sys_ui_element action="INSERT_OR_UPDATE">
            <element>u_kb_faqs</element>
            <position>27</position>
            <sys_created_by>admin</sys_created_by>
            <sys_created_on>2025-09-07 05:41:57</sys_created_on>
            <sys_id>529433ca4d7322107f4452cad5fc947a</sys_id>
            <sys_mod_count>0</sys_mod_count>
            <sys_ui_formatter/>
            <sys_ui_section caption="NULL" display_value="" name="u_kb_template_student_finance_article" sys_domain="global" view="Default view">9faa2b0e4d3322107f4452cad5fc94ee</sys_ui_section>
            <sys_updated_by>admin</sys_updated_by>
            <sys_updated_on>2025-09-07 05:41:57</sys_updated_on>
            <sys_user/>
            <type/>
        </sys_ui_element>
        <sys_ui_element action="INSERT_OR_UPDATE">
            <element>u_kb_additional_info</element>
            <position>28</position>
            <sys_created_by>admin</sys_created_by>
            <sys_created_on>2025-09-07 05:42:22</sys_created_on>
            <sys_id>94b43b8a4d7322107f4452cad5fc94d0</sys_id>
            <sys_mod_count>0</sys_mod_count>
            <sys_ui_formatter/>
            <sys_ui_section caption="NULL" display_value="" name="u_kb_template_student_finance_article" sys_domain="global" view="Default view">9faa2b0e4d3322107f4452cad5fc94ee</sys_ui_section>
            <sys_updated_by>admin</sys_updated_by>
            <sys_updated_on>2025-09-07 05:42:22</sys_updated_on>
            <sys_user/>
            <type/>
        </sys_ui_element>
        <sys_ui_section action="INSERT_OR_UPDATE">
            <caption/>
            <header>false</header>
            <name>u_kb_template_student_finance_article</name>
            <roles/>
            <sys_class_name>sys_ui_section</sys_class_name>
            <sys_created_by>admin</sys_created_by>
            <sys_created_on>2025-09-07 04:58:36</sys_created_on>
            <sys_domain>global</sys_domain>
            <sys_domain_path>/</sys_domain_path>
            <sys_id>9faa2b0e4d3322107f4452cad5fc94ee</sys_id>
            <sys_mod_count>0</sys_mod_count>
            <sys_name>u_kb_template_student_finance_article</sys_name>
            <sys_overrides/>
            <sys_package display_value="Student finance management" source="1b66be1674a722107f4433b6ca9e6b46">1b66be1674a722107f4433b6ca9e6b46</sys_package>
            <sys_policy/>
            <sys_scope display_value="Student finance management">1b66be1674a722107f4433b6ca9e6b46</sys_scope>
            <sys_update_name>sys_ui_section_9faa2b0e4d3322107f4452cad5fc94ee</sys_update_name>
            <sys_updated_by>admin</sys_updated_by>
            <sys_updated_on>2025-09-07 04:58:36</sys_updated_on>
            <sys_user/>
            <title>true</title>
            <view display_value="Default view" name="NULL">Default view</view>
            <view_name/>
        </sys_ui_section>
    </sys_ui_section>
</record_update>
