<?xml version="1.0" encoding="UTF-8"?><record_update sys_domain="global" table="sys_ui_list_control">
    <sys_ui_list_control action="INSERT_OR_UPDATE">
        <columns_condition/>
        <disable_nlq>false</disable_nlq>
        <edit_condition/>
        <edit_default_filter/>
        <edit_roles/>
        <empty_condition/>
        <filter_condition/>
        <filter_roles/>
        <hierarchical_lists>false</hierarchical_lists>
        <label/>
        <link_condition/>
        <link_roles/>
        <list_edit_insert_row>false</list_edit_insert_row>
        <list_edit_ref_qual_tag/>
        <list_edit_type/>
        <name>u_kb_template_student_finance_article</name>
        <new_condition/>
        <new_roles/>
        <omit_columns_if_empty>false</omit_columns_if_empty>
        <omit_count>false</omit_count>
        <omit_count_views>false</omit_count_views>
        <omit_count_views_list/>
        <omit_drilldown_link>false</omit_drilldown_link>
        <omit_edit_button>false</omit_edit_button>
        <omit_filters>false</omit_filters>
        <omit_if_empty>false</omit_if_empty>
        <omit_links>false</omit_links>
        <omit_new_button>true</omit_new_button>
        <omit_related_list_count>false</omit_related_list_count>
        <related_list>REL:8e1ddaa3c30321000096dfdc64d3aebd</related_list>
        <sys_class_name>sys_ui_list_control</sys_class_name>
        <sys_created_by>admin</sys_created_by>
        <sys_created_on>2025-09-07 04:41:16</sys_created_on>
        <sys_domain>global</sys_domain>
        <sys_domain_path>/</sys_domain_path>
        <sys_id>95b6eb0a4d3322107f4452cad5fc9461</sys_id>
        <sys_mod_count>0</sys_mod_count>
        <sys_name>u_kb_template_student_finance_article</sys_name>
        <sys_overrides display_value="">global</sys_overrides>
        <sys_package display_value="Student finance management" source="1b66be1674a722107f4433b6ca9e6b46">1b66be1674a722107f4433b6ca9e6b46</sys_package>
        <sys_policy/>
        <sys_scope display_value="Student finance management">1b66be1674a722107f4433b6ca9e6b46</sys_scope>
        <sys_update_name>sys_ui_list_control_95b6eb0a4d3322107f4452cad5fc9461</sys_update_name>
        <sys_updated_by>admin</sys_updated_by>
        <sys_updated_on>2025-09-07 04:41:16</sys_updated_on>
    </sys_ui_list_control>
</record_update>
