<?xml version="1.0" encoding="UTF-8"?><record_update table="sys_db_object">
    <sys_db_object action="INSERT_OR_UPDATE">
        <access>public</access>
        <actions_access>false</actions_access>
        <alter_access>false</alter_access>
        <caller_access/>
        <client_scripts_access>false</client_scripts_access>
        <configuration_access>false</configuration_access>
        <create_access>false</create_access>
        <create_access_controls>true</create_access_controls>
        <delete_access>false</delete_access>
        <filter_extension/>
        <is_extendable>false</is_extendable>
        <label>Advisor</label>
        <live_feed_enabled>false</live_feed_enabled>
        <name>u_advisor</name>
        <number_ref display_value="adv">df87ac4331a322107f44b6584209a584</number_ref>
        <provider_class/>
        <read_access>true</read_access>
        <scriptable_table>false</scriptable_table>
        <super_class/>
        <sys_class_name>sys_db_object</sys_class_name>
        <sys_created_by>admin</sys_created_by>
        <sys_created_on>2025-08-28 06:53:46</sys_created_on>
        <sys_id>2915e48f316322107f44b6584209a56e</sys_id>
        <sys_mod_count>1</sys_mod_count>
        <sys_name>Advisor</sys_name>
        <sys_package display_value="Student finance management" source="1b66be1674a722107f4433b6ca9e6b46">1b66be1674a722107f4433b6ca9e6b46</sys_package>
        <sys_policy/>
        <sys_scope display_value="Student finance management">1b66be1674a722107f4433b6ca9e6b46</sys_scope>
        <sys_update_name>sys_db_object_2915e48f316322107f44b6584209a56e</sys_update_name>
        <sys_updated_by>admin</sys_updated_by>
        <sys_updated_on>2025-08-28 07:04:39</sys_updated_on>
        <update_access>false</update_access>
        <user_role display_value="u_advisor_user" name="u_advisor_user">f025ac4f316322107f44b6584209a51a</user_role>
        <ws_access>true</ws_access>
    </sys_db_object>
</record_update>
