<?xml version="1.0" encoding="UTF-8"?><record_update table="sys_security_acl_role">
    <sys_security_acl_role action="INSERT_OR_UPDATE">
        <sys_class_name>sys_security_acl_role</sys_class_name>
        <sys_created_by>admin</sys_created_by>
        <sys_created_on>2025-09-02 17:14:12</sys_created_on>
        <sys_id>79136030d83362107f4418c193b98bd3</sys_id>
        <sys_mod_count>0</sys_mod_count>
        <sys_name>u_student.u_student_user</sys_name>
        <sys_package display_value="Student finance management" source="1b66be1674a722107f4433b6ca9e6b46">1b66be1674a722107f4433b6ca9e6b46</sys_package>
        <sys_policy/>
        <sys_scope display_value="Student finance management">1b66be1674a722107f4433b6ca9e6b46</sys_scope>
        <sys_security_acl display_value="u_student">71136030d83362107f4418c193b98bd0</sys_security_acl>
        <sys_update_name>sys_security_acl_role_79136030d83362107f4418c193b98bd3</sys_update_name>
        <sys_updated_by>admin</sys_updated_by>
        <sys_updated_on>2025-09-02 17:14:12</sys_updated_on>
        <sys_user_role display_value="u_student_user" name="u_student_user">f64a1443316322107f44b6584209a54c</sys_user_role>
    </sys_security_acl_role>
</record_update>
