<?xml version="1.0" encoding="UTF-8"?><record_update sys_domain="global" table="sys_script_client">
    <sys_script_client action="INSERT_OR_UPDATE">
        <active>false</active>
        <applies_extended>false</applies_extended>
        <condition/>
        <description/>
        <field/>
        <global>true</global>
        <isolate_script>true</isolate_script>
        <messages/>
        <name>RemainingBalance</name>
        <order/>
        <script><![CDATA[function onSubmit() {
    // Remove commas from values and convert to numbers
    var total = parseFloat((g_form.getValue('u_decimal_6') + '').replace(/,/g, '')) || 0;
    var used  = parseFloat((g_form.getValue('u_decimal_1') + '').replace(/,/g, '')) || 0;

    var remained = total - used;

    g_form.setValue('u_decimal_7', remained.toString());
}
]]></script>
        <sys_class_name>sys_script_client</sys_class_name>
        <sys_created_by>admin</sys_created_by>
        <sys_created_on>2025-09-02 17:56:24</sys_created_on>
        <sys_domain>global</sys_domain>
        <sys_domain_path>/</sys_domain_path>
        <sys_id>380ce4f8d83362107f4418c193b98b5a</sys_id>
        <sys_mod_count>2</sys_mod_count>
        <sys_name>RemainingBalance</sys_name>
        <sys_overrides/>
        <sys_package display_value="Student finance management" source="1b66be1674a722107f4433b6ca9e6b46">1b66be1674a722107f4433b6ca9e6b46</sys_package>
        <sys_policy/>
        <sys_scope display_value="Student finance management">1b66be1674a722107f4433b6ca9e6b46</sys_scope>
        <sys_update_name>sys_script_client_380ce4f8d83362107f4418c193b98b5a</sys_update_name>
        <sys_updated_by>admin</sys_updated_by>
        <sys_updated_on>2025-09-06 08:00:31</sys_updated_on>
        <table>u_budgets</table>
        <type>onSubmit</type>
        <ui_type>10</ui_type>
        <view/>
    </sys_script_client>
</record_update>
