<?xml version="1.0" encoding="UTF-8"?><record_update table="sys_security_acl">
    <sys_security_acl action="INSERT_OR_UPDATE">
        <active>true</active>
        <admin_overrides>true</admin_overrides>
        <advanced>false</advanced>
        <applies_to/>
        <condition/>
        <controlled_by_refs/>
        <decision_type>allow</decision_type>
        <description/>
        <local_or_existing>Local</local_or_existing>
        <name>AutoPopulationBudget</name>
        <operation display_value="execute">execute</operation>
        <script/>
        <security_attribute/>
        <sys_class_name>sys_security_acl</sys_class_name>
        <sys_created_by>admin</sys_created_by>
        <sys_created_on>2025-09-06 06:15:07</sys_created_on>
        <sys_id>5a9276f1bcf322107f44c7dd9b190eaa</sys_id>
        <sys_mod_count>0</sys_mod_count>
        <sys_name>AutoPopulationBudget</sys_name>
        <sys_package display_value="Student finance management" source="1b66be1674a722107f4433b6ca9e6b46">1b66be1674a722107f4433b6ca9e6b46</sys_package>
        <sys_policy/>
        <sys_scope display_value="Student finance management">1b66be1674a722107f4433b6ca9e6b46</sys_scope>
        <sys_update_name>sys_security_acl_5a9276f1bcf322107f44c7dd9b190eaa</sys_update_name>
        <sys_updated_by>admin</sys_updated_by>
        <sys_updated_on>2025-09-06 06:15:07</sys_updated_on>
        <type display_value="client_callable_script_include">client_callable_script_include</type>
    </sys_security_acl>
</record_update>
